file,model_key,midi,bpm,trial,n_target_strikes,success_rate,abs_err_ms_mean,err_ms_mean,err_ms_std,peak_force_mean,miss_rate_force,drift_ms_per_s,time_source,packet_yield,force_offset_applied
results/RAL/modelA_seed1/deploy_gmd_03_high_bpm138_RAL-A_seed1_trial01_1785483447.csv,RAL/A_seed1,gmd_03_high_bpm138.mid,137.99987580011177,1,78,0.038461538461538464,81.92936793960489,75.37501850443647,47.228303129939,10.643160371637197,0.5897435897435898,0.19195197390957905,rate_corrected,1.0003,0.0
results/RAL/modelA_seed1/deploy_gmd_03_high_bpm138_RAL-A_seed1_trial02_1785481302.csv,RAL/A_seed1,gmd_03_high_bpm138.mid,137.99987580011177,2,78,0.02564102564102564,86.2821165814085,73.2426970337359,57.275190400469754,10.5778194603232,0.5384615384615384,-1.2278793502164422,rate_corrected,1.0003,0.0
results/RAL/modelA_seed1/deploy_gmd_03_high_bpm138_RAL-A_seed1_trial03_1785480551.csv,RAL/A_seed1,gmd_03_high_bpm138.mid,137.99987580011177,3,78,0.02564102564102564,86.49049888573035,78.10112024092523,48.52011777210688,9.030374524713345,0.6794871794871795,0.5052322766787445,rate_corrected,1.0003,0.0
results/RAL/modelA_seed1/deploy_gmd_04_extreme_bpm170_RAL-A_seed1_trial01_1785480351.csv,RAL/A_seed1,gmd_04_extreme_bpm170.mid,170.0000850000425,1,68,0.058823529411764705,79.49908455320175,60.68046067345837,64.60004447857844,8.656304136694201,0.6176470588235294,-0.05182634761203685,rate_corrected,1.0012,0.0
results/RAL/modelA_seed1/deploy_gmd_04_extreme_bpm170_RAL-A_seed1_trial03_1785477876.csv,RAL/A_seed1,gmd_04_extreme_bpm170.mid,170.0000850000425,3,68,0.08823529411764706,66.85974523392102,60.34743238646119,48.240558749932376,8.15117792470546,0.6617647058823529,1.6759140524253493,rate_corrected,1.0012,0.0
results/RAL/modelA_seed1/deploy_test_double_bpm160_RAL-A_seed1_trial01_1785483162.csv,RAL/A_seed1,test_double_bpm160.mid,160.0,1,24,0.2916666666666667,64.20295019888546,62.212161045431685,51.12645286278918,22.369212927640618,0.16666666666666666,2.4372495319759584,rate_corrected,1.0025,0.0
results/RAL/modelA_seed1/deploy_test_double_bpm160_RAL-A_seed1_trial02_1785482611.csv,RAL/A_seed1,test_double_bpm160.mid,160.0,2,24,0.3333333333333333,61.03413909200676,58.93854633348293,48.489207561283145,16.5942208115889,0.20833333333333334,4.006140807344107,rate_corrected,1.0025,0.0
results/RAL/modelA_seed1/deploy_test_double_bpm160_RAL-A_seed1_trial03_1785482738.csv,RAL/A_seed1,test_double_bpm160.mid,160.0,3,24,0.20833333333333334,67.20795401247285,63.72309713775204,51.219783182335675,24.195872880235196,0.16666666666666666,3.276168401586511,rate_corrected,1.0019,0.0
results/RAL/modelA_seed2/deploy_gmd_03_high_bpm138_RAL-A_seed2_trial01_1785483606.csv,RAL/A_seed2,gmd_03_high_bpm138.mid,137.99987580011177,1,78,0.14102564102564102,83.46913734420191,29.249868641985223,91.77130197971469,22.41665355935811,0.19230769230769232,-0.8816695804687312,rate_corrected,1.0003,0.0
results/RAL/modelA_seed2/deploy_gmd_03_high_bpm138_RAL-A_seed2_trial02_1785482905.csv,RAL/A_seed2,gmd_03_high_bpm138.mid,137.99987580011177,2,78,0.05128205128205128,81.24323113740509,47.24783654799439,76.83821482803836,16.32019002858567,0.3333333333333333,0.1771170020155223,rate_corrected,1.0003,0.0
results/RAL/modelA_seed2/deploy_gmd_03_high_bpm138_RAL-A_seed2_trial03_1785479840.csv,RAL/A_seed2,gmd_03_high_bpm138.mid,137.99987580011177,3,78,0.038461538461538464,88.98246994854804,40.25397450053336,90.58087660088847,8.068258950335434,0.5769230769230769,0.8699291414205466,rate_corrected,1.0008,0.0
results/RAL/modelA_seed2/deploy_gmd_04_extreme_bpm170_RAL-A_seed2_trial01_1785481757.csv,RAL/A_seed2,gmd_04_extreme_bpm170.mid,170.0000850000425,1,68,0.10294117647058823,68.57883429274332,31.27899722559801,70.94431677306882,12.98836167665101,0.5,1.0004577505594205,rate_corrected,1.0012,0.0
results/RAL/modelA_seed2/deploy_gmd_04_extreme_bpm170_RAL-A_seed2_trial02_1785483946.csv,RAL/A_seed2,gmd_04_extreme_bpm170.mid,170.0000850000425,2,68,0.11764705882352941,64.64067137281555,44.40761569921083,58.0350289745125,19.706472975859864,0.4411764705882353,0.5785358886491101,rate_corrected,1.0012,0.0
results/RAL/modelA_seed2/deploy_gmd_04_extreme_bpm170_RAL-A_seed2_trial03_1785479307.csv,RAL/A_seed2,gmd_04_extreme_bpm170.mid,170.0000850000425,3,68,0.014705882352941176,69.896240548137,65.28769721529248,38.80441326912978,4.890409827678141,0.8088235294117647,3.2371323890812573,rate_corrected,1.0012,0.0
results/RAL/modelA_seed2/deploy_test_double_bpm160_RAL-A_seed2_trial01_1785477351.csv,RAL/A_seed2,test_double_bpm160.mid,160.0,1,24,0.20833333333333334,43.77658060288589,-15.918756582867786,46.83068189328341,3.724946846929333,0.5833333333333334,1.8305286443161033,rate_corrected,0.9975,0.0
results/RAL/modelA_seed2/deploy_test_double_bpm160_RAL-A_seed2_trial02_1785480316.csv,RAL/A_seed2,test_double_bpm160.mid,160.0,2,24,0.16666666666666666,72.1386144517864,70.27296062975745,51.538690741824155,19.43943601794488,0.3333333333333333,4.948408510885275,rate_corrected,1.0025,0.0
results/RAL/modelA_seed2/deploy_test_double_bpm160_RAL-A_seed2_trial03_1785480888.csv,RAL/A_seed2,test_double_bpm160.mid,160.0,3,24,0.3333333333333333,56.23116806372144,45.28350702476682,53.51998038152462,22.048768578142646,0.16666666666666666,-9.551629843245612,rate_corrected,1.0025,0.0
results/RAL/modelA_seed3/deploy_gmd_03_high_bpm138_RAL-A_seed3_trial01_1785477594.csv,RAL/A_seed3,gmd_03_high_bpm138.mid,137.99987580011177,1,78,0.038461538461538464,65.17801251069433,34.165893654799625,68.04625031677861,4.8121687470117385,0.7564102564102564,1.142999728398035,rate_corrected,1.0003,0.0
results/RAL/modelA_seed3/deploy_gmd_03_high_bpm138_RAL-A_seed3_trial02_1785477979.csv,RAL/A_seed3,gmd_03_high_bpm138.mid,137.99987580011177,2,78,0.0641025641025641,68.51267180747266,25.767156452372916,75.57675849233198,8.737318581155368,0.6794871794871795,-0.05210803238555324,rate_corrected,1.0003,0.0
results/RAL/modelA_seed3/deploy_gmd_03_high_bpm138_RAL-A_seed3_trial03_1785481834.csv,RAL/A_seed3,gmd_03_high_bpm138.mid,137.99987580011177,3,78,0.10256410256410256,71.66770851608578,11.472232060013505,82.55186986513817,13.436386514574938,0.5256410256410257,-1.5418325104668449,rate_corrected,1.0003,0.0
results/RAL/modelA_seed3/deploy_gmd_04_extreme_bpm170_RAL-A_seed3_trial01_1785481538.csv,RAL/A_seed3,gmd_04_extreme_bpm170.mid,170.0000850000425,1,68,0.07352941176470588,62.76606163644833,35.66253502070922,62.265192954108684,8.097770533122459,0.6911764705882353,1.2522405136894916,rate_corrected,1.0012,0.0
results/RAL/modelA_seed3/deploy_gmd_04_extreme_bpm170_RAL-A_seed3_trial02_1785481057.csv,RAL/A_seed3,gmd_04_extreme_bpm170.mid,170.0000850000425,2,68,0.058823529411764705,74.89022293938581,9.69167590980265,86.06893861511324,3.6880703146458416,0.75,2.6179885855249494,rate_corrected,1.0012,0.0
results/RAL/modelA_seed3/deploy_gmd_04_extreme_bpm170_RAL-A_seed3_trial03_1785483643.csv,RAL/A_seed3,gmd_04_extreme_bpm170.mid,170.0000850000425,3,68,0.04411764705882353,68.6346886988219,22.283989837279623,72.78661297521727,8.651816120594788,0.5882352941176471,-0.4471433189518596,rate_corrected,1.0014,0.0
results/RAL/modelA_seed3/deploy_test_double_bpm160_RAL-A_seed3_trial01_1785477997.csv,RAL/A_seed3,test_double_bpm160.mid,160.0,1,24,0.16666666666666666,57.73364863919943,53.75201769856493,53.43978994677687,15.705369223100476,0.5833333333333334,3.370706151380646,rate_corrected,1.0025,0.0
results/RAL/modelA_seed3/deploy_test_double_bpm160_RAL-A_seed3_trial02_1785479975.csv,RAL/A_seed3,test_double_bpm160.mid,160.0,2,24,0.125,56.53540261357103,50.20343752085105,47.950127694376775,9.853445031078017,0.5416666666666666,0.7807657143093518,rate_corrected,1.0025,0.0
results/RAL/modelA_seed3/deploy_test_double_bpm160_RAL-A_seed3_trial03_1785477618.csv,RAL/A_seed3,test_double_bpm160.mid,160.0,3,24,0.20833333333333334,66.02985408172822,62.71177096204342,47.76854515671017,12.799752800073248,0.375,2.9132553949749003,rate_corrected,1.0025,0.0
results/RAL/modelA_seed4/deploy_gmd_03_high_bpm138_RAL-A_seed4_trial01_1785483880.csv,RAL/A_seed4,gmd_03_high_bpm138.mid,137.99987580011177,1,78,0.02564102564102564,71.57628354916581,-8.322823668507986,82.10320335251471,4.040989488329801,0.6923076923076923,-0.5231151826146366,rate_corrected,1.0003,0.0
results/RAL/modelA_seed4/deploy_gmd_03_high_bpm138_RAL-A_seed4_trial02_1785480143.csv,RAL/A_seed4,gmd_03_high_bpm138.mid,137.99987580011177,2,78,0.02564102564102564,14.978666368235713,14.978666368235713,18.00211654291449,0.8666732398841015,0.9615384615384616,0.19302141978566206,rate_corrected,0.999,0.0
results/RAL/modelA_seed4/deploy_gmd_03_high_bpm138_RAL-A_seed4_trial03_1785480400.csv,RAL/A_seed4,gmd_03_high_bpm138.mid,137.99987580011177,3,78,0.0641025641025641,65.47262338400112,-12.206760291932731,80.10455956081749,3.484809216276856,0.7692307692307693,-0.45225967361534963,rate_corrected,1.0003,0.0
results/RAL/modelA_seed4/deploy_gmd_04_extreme_bpm170_RAL-A_seed4_trial02_1785483991.csv,RAL/A_seed4,gmd_04_extreme_bpm170.mid,170.0000850000425,2,68,0.058823529411764705,54.62640692460131,4.111665037336131,64.18713509292779,3.8184471823337303,0.75,-1.959996183789274,rate_corrected,1.0012,0.0
results/RAL/modelA_seed4/deploy_gmd_04_extreme_bpm170_RAL-A_seed4_trial03_1785480832.csv,RAL/A_seed4,gmd_04_extreme_bpm170.mid,170.0000850000425,3,68,0.10294117647058823,42.892012023515974,33.8143375211847,36.75130437199489,4.9586276723891896,0.6764705882352942,0.2885294713572266,rate_corrected,1.0012,0.0
results/RAL/modelA_seed4/deploy_test_double_bpm160_RAL-A_seed4_trial02_1785482363.csv,RAL/A_seed4,test_double_bpm160.mid,160.0,2,24,0.125,47.75256356021295,-16.912366260908616,52.075174672687076,5.338613035472686,0.5833333333333334,-4.097050463670301,rate_corrected,0.9975,0.0
results/RAL/modelA_seed5/deploy_gmd_03_high_bpm138_RAL-A_seed5_trial01_1785477917.csv,RAL/A_seed5,gmd_03_high_bpm138.mid,137.99987580011177,1,78,0.02564102564102564,69.91337297506854,68.48656944496513,40.32771269809134,7.65254207446047,0.7307692307692307,1.1616772070935426,rate_corrected,1.0003,0.0
results/RAL/modelA_seed5/deploy_gmd_03_high_bpm138_RAL-A_seed5_trial02_1785482823.csv,RAL/A_seed5,gmd_03_high_bpm138.mid,137.99987580011177,2,78,0.038461538461538464,67.82912667625307,42.86134998560798,60.407693345071266,10.564125257353199,0.6923076923076923,-0.5523920611698959,rate_corrected,1.0003,0.0
results/RAL/modelA_seed5/deploy_gmd_03_high_bpm138_RAL-A_seed5_trial03_1785479943.csv,RAL/A_seed5,gmd_03_high_bpm138.mid,137.99987580011177,3,78,0.07692307692307693,49.938971689006586,46.371902282648975,45.1974146628503,6.530595588275578,0.8205128205128205,-0.27662991131798914,rate_corrected,0.9988,0.0
results/RAL/modelA_seed5/deploy_gmd_04_extreme_bpm170_RAL-A_seed5_trial01_1785481716.csv,RAL/A_seed5,gmd_04_extreme_bpm170.mid,170.0000850000425,1,68,0.10294117647058823,62.556242111496715,25.55114114413258,66.34760293049537,16.248456571263407,0.5,-1.41698859173036,rate_corrected,1.0012,0.0
results/RAL/modelA_seed5/deploy_gmd_04_extreme_bpm170_RAL-A_seed5_trial02_1785480696.csv,RAL/A_seed5,gmd_04_extreme_bpm170.mid,170.0000850000425,2,68,0.04411764705882353,63.81992651430128,55.57109247503785,42.050627042472534,11.479715064833883,0.6617647058823529,0.9976847715792655,rate_corrected,1.0006,0.0
results/RAL/modelA_seed5/deploy_gmd_04_extreme_bpm170_RAL-A_seed5_trial03_1785482193.csv,RAL/A_seed5,gmd_04_extreme_bpm170.mid,170.0000850000425,3,68,0.014705882352941176,81.70185450860203,81.70185450860203,29.22208495497127,4.7277192440744775,0.8382352941176471,-0.04997688003562167,rate_corrected,1.0012,0.0
results/RAL/modelA_seed5/deploy_test_double_bpm160_RAL-A_seed5_trial01_1785481471.csv,RAL/A_seed5,test_double_bpm160.mid,160.0,1,24,0.16666666666666666,42.78728495632116,29.851594155572855,46.6721292277174,14.86547441022981,0.5833333333333334,1.3338944784563742,rate_corrected,1.0025,0.0
results/RAL/modelA_seed5/deploy_test_double_bpm160_RAL-A_seed5_trial02_1785482053.csv,RAL/A_seed5,test_double_bpm160.mid,160.0,2,24,0.20833333333333334,45.77307457474111,24.87667096453317,49.86378233561218,6.111748608864615,0.5833333333333334,-2.0381592504981034,rate_corrected,1.0025,0.0
results/RAL/modelA_seed5/deploy_test_double_bpm160_RAL-A_seed5_trial03_1785481500.csv,RAL/A_seed5,test_double_bpm160.mid,160.0,3,24,0.16666666666666666,46.01652120472987,8.08398345488487,48.466682055141284,24.581804864650408,0.3333333333333333,-7.25950404998894,rate_corrected,1.0025,0.0
results/RAL/modelB_seed1/deploy_gmd_03_high_bpm138_RAL-B_seed1_trial01_1785482591.csv,RAL/B_seed1,gmd_03_high_bpm138.mid,137.99987580011177,1,78,0.5128205128205128,26.016513384878127,10.59932026791332,30.83815441072058,21.25949340839321,0.2692307692307692,0.746867217396677,rate_corrected,1.001,0.0
results/RAL/modelB_seed1/deploy_gmd_03_high_bpm138_RAL-B_seed1_trial02_1785483332.csv,RAL/B_seed1,gmd_03_high_bpm138.mid,137.99987580011177,2,78,0.5384615384615384,24.808637783780128,11.809862714962442,32.83367909469089,17.807967365540527,0.19230769230769232,-0.44505700084268957,rate_corrected,1.0,0.0
results/RAL/modelB_seed1/deploy_gmd_03_high_bpm138_RAL-B_seed1_trial03_1785481343.csv,RAL/B_seed1,gmd_03_high_bpm138.mid,137.99987580011177,3,78,0.6666666666666666,19.740536200184167,9.753229347917117,27.35758382710022,19.403146380074382,0.1794871794871795,0.07586278647707734,rate_corrected,1.0003,0.0
results/RAL/modelB_seed1/deploy_gmd_04_extreme_bpm170_RAL-B_seed1_trial01_1785481121.csv,RAL/B_seed1,gmd_04_extreme_bpm170.mid,170.0000850000425,1,68,0.3088235294117647,36.89927235459187,18.883745263820607,39.922959882583825,21.985711951945916,0.3235294117647059,-0.16706694122158805,rate_corrected,1.0012,0.0
results/RAL/modelB_seed1/deploy_gmd_04_extreme_bpm170_RAL-B_seed1_trial02_1785480178.csv,RAL/B_seed1,gmd_04_extreme_bpm170.mid,170.0000850000425,2,68,0.4117647058823529,26.516409447486986,7.2115757911578635,34.087691021894315,12.773610106294178,0.3382352941176471,-0.765313166906709,rate_corrected,1.0012,0.0
results/RAL/modelB_seed1/deploy_gmd_04_extreme_bpm170_RAL-B_seed1_trial03_1785481990.csv,RAL/B_seed1,gmd_04_extreme_bpm170.mid,170.0000850000425,3,68,0.5588235294117647,27.551478880104042,-3.3283665761199503,36.700415676806045,23.16516258287121,0.20588235294117646,-1.1032052701455182,rate_corrected,1.0012,0.0
results/RAL/modelB_seed1/deploy_test_double_bpm160_RAL-B_seed1_trial01_1785476677.csv,RAL/B_seed1,test_double_bpm160.mid,160.0,1,24,0.25,45.781577307638635,-8.45963928510707,49.34439258973099,18.722251045258947,0.16666666666666666,0.21312457629053277,rate_corrected,0.9969,0.0
results/RAL/modelB_seed1/deploy_test_double_bpm160_RAL-B_seed1_trial02_1785479860.csv,RAL/B_seed1,test_double_bpm160.mid,160.0,2,24,0.2916666666666667,54.04653484138765,-51.91311899238552,49.46140831510116,18.150028992584,0.4166666666666667,6.874096863876004,rate_corrected,0.9963,0.0
results/RAL/modelB_seed1/deploy_test_double_bpm160_RAL-B_seed1_trial03_1785481140.csv,RAL/B_seed1,test_double_bpm160.mid,160.0,3,24,0.16666666666666666,47.28077116614614,-4.976923280647041,52.41939178597026,18.852590512812686,0.3333333333333333,-0.5573788164952099,rate_corrected,1.0025,0.0
results/RAL/modelB_seed2/deploy_gmd_03_high_bpm138_RAL-B_seed2_trial01_1785483106.csv,RAL/B_seed2,gmd_03_high_bpm138.mid,137.99987580011177,1,78,0.38461538461538464,32.29454931795877,-22.528500039675574,40.8585629135611,28.898706719471512,0.4230769230769231,-0.529255921158651,rate_corrected,0.9988,0.0
results/RAL/modelB_seed2/deploy_gmd_03_high_bpm138_RAL-B_seed2_trial02_1785482092.csv,RAL/B_seed2,gmd_03_high_bpm138.mid,137.99987580011177,2,78,0.21794871794871795,43.471128840639345,30.155647934497686,39.72061611302442,27.884161910865608,0.34615384615384615,0.508546309169244,rate_corrected,1.0003,0.0
results/RAL/modelB_seed2/deploy_gmd_03_high_bpm138_RAL-B_seed2_trial03_1785480220.csv,RAL/B_seed2,gmd_03_high_bpm138.mid,137.99987580011177,3,78,0.2692307692307692,38.950697715109506,25.76738464230332,37.12826507066335,18.1636253798185,0.358974358974359,0.032891044569572904,rate_corrected,1.0003,0.0
results/RAL/modelB_seed2/deploy_gmd_04_extreme_bpm170_RAL-B_seed2_trial01_1785479896.csv,RAL/B_seed2,gmd_04_extreme_bpm170.mid,170.0000850000425,1,68,0.10294117647058823,46.04472935738603,29.032218912086872,43.173183320058655,14.379871068273495,0.6029411764705882,-1.4950088031630964,rate_corrected,1.0012,0.0
results/RAL/modelB_seed2/deploy_gmd_04_extreme_bpm170_RAL-B_seed2_trial02_1785481245.csv,RAL/B_seed2,gmd_04_extreme_bpm170.mid,170.0000850000425,2,68,0.20588235294117646,46.43570801934492,29.486674592284036,44.15146108924712,26.60634892709487,0.36764705882352944,-0.6812479590879099,rate_corrected,1.0014,0.0
results/RAL/modelB_seed2/deploy_gmd_04_extreme_bpm170_RAL-B_seed2_trial03_1785483482.csv,RAL/B_seed2,gmd_04_extreme_bpm170.mid,170.0000850000425,3,68,0.08823529411764706,36.27923310753419,28.291145083857018,30.348978116326847,9.866722078705445,0.7794117647058824,-0.5060283252022426,rate_corrected,1.0012,0.0
results/RAL/modelB_seed2/deploy_test_double_bpm160_RAL-B_seed2_trial01_1785482496.csv,RAL/B_seed2,test_double_bpm160.mid,160.0,1,24,0.3333333333333333,44.24573774998008,-20.46365370936572,49.21369531355724,18.540411592964464,0.25,-4.031330141993168,rate_corrected,0.9969,0.0
results/RAL/modelB_seed2/deploy_test_double_bpm160_RAL-B_seed2_trial02_1785483292.csv,RAL/B_seed2,test_double_bpm160.mid,160.0,2,24,0.3333333333333333,48.50923713641296,-36.07097120399936,50.85207723199518,38.19433169550666,0.3333333333333333,5.185271184437758,rate_corrected,0.9969,0.0
results/RAL/modelB_seed2/deploy_test_double_bpm160_RAL-B_seed2_trial03_1785482331.csv,RAL/B_seed2,test_double_bpm160.mid,160.0,3,24,0.25,66.54826661106031,60.32880244180236,57.36310852178105,18.901547288430436,0.3333333333333333,1.4566276974874695,rate_corrected,1.0025,0.0
results/RAL/modelB_seed3/deploy_gmd_03_high_bpm138_RAL-B_seed3_trial01_1785476212.csv,RAL/B_seed3,gmd_03_high_bpm138.mid,137.99987580011177,1,78,0.0,50.49265888900314,33.84672738713405,41.162935056668196,2.931367784817911,0.8846153846153846,-1.762414895928695,rate_corrected,1.0003,0.0
results/RAL/modelB_seed3/deploy_gmd_03_high_bpm138_RAL-B_seed3_trial02_1785482412.csv,RAL/B_seed3,gmd_03_high_bpm138.mid,137.99987580011177,2,78,0.2692307692307692,38.96997827343472,23.121463432427785,38.726544426926786,17.302846907418573,0.41025641025641024,-0.619564536307576,rate_corrected,1.0008,0.0
results/RAL/modelB_seed3/deploy_gmd_03_high_bpm138_RAL-B_seed3_trial03_1785477551.csv,RAL/B_seed3,gmd_03_high_bpm138.mid,137.99987580011177,3,78,0.47435897435897434,16.805358765982035,-9.985792889931151,30.267826118636904,15.613177892391738,0.47435897435897434,0.37776965732646334,rate_corrected,0.999,0.0
results/RAL/modelB_seed3/deploy_gmd_04_extreme_bpm170_RAL-B_seed3_trial01_1785482646.csv,RAL/B_seed3,gmd_04_extreme_bpm170.mid,170.0000850000425,1,68,0.29411764705882354,39.25754272884613,3.426468816732092,47.455659804455934,27.213128703735286,0.25,-0.9621454735296116,rate_corrected,1.0012,0.0
results/RAL/modelB_seed3/deploy_gmd_04_extreme_bpm170_RAL-B_seed3_trial02_1785482246.csv,RAL/B_seed3,gmd_04_extreme_bpm170.mid,170.0000850000425,2,68,0.19117647058823528,44.935137472528965,26.961082483517483,45.019902372235286,17.579377745543848,0.4852941176470588,-1.320958379942864,rate_corrected,1.0012,0.0
results/RAL/modelB_seed3/deploy_gmd_04_extreme_bpm170_RAL-B_seed3_trial03_1785481956.csv,RAL/B_seed3,gmd_04_extreme_bpm170.mid,170.0000850000425,3,68,0.4117647058823529,29.831414671329156,5.9662829342658465,39.59632055848704,20.06977787910721,0.39705882352941174,-1.4404760965199326,rate_corrected,1.0012,0.0
results/RAL/modelB_seed3/deploy_test_double_bpm160_RAL-B_seed3_trial01_1785482281.csv,RAL/B_seed3,test_double_bpm160.mid,160.0,1,24,0.25,45.28471748897791,15.426662001739626,50.56626019159005,28.511062959685045,0.16666666666666666,-2.974207365237035,rate_corrected,1.0025,0.0
results/RAL/modelB_seed3/deploy_test_double_bpm160_RAL-B_seed3_trial02_1785481655.csv,RAL/B_seed3,test_double_bpm160.mid,160.0,2,24,0.2916666666666667,45.96305090640932,-24.298937740331052,52.43132535439679,34.191956338185776,0.2916666666666667,4.712997074720179,rate_corrected,1.0025,0.0
results/RAL/modelB_seed3/deploy_test_double_bpm160_RAL-B_seed3_trial03_1785483906.csv,RAL/B_seed3,test_double_bpm160.mid,160.0,3,24,0.5,48.52918612570426,-24.471982747149966,58.173614107284905,40.88631855220191,0.0,-10.511312395433148,rate_corrected,1.0025,0.0
results/RAL/modelB_seed4/deploy_gmd_03_high_bpm138_RAL-B_seed4_trial01_1785482947.csv,RAL/B_seed4,gmd_03_high_bpm138.mid,137.99987580011177,1,78,0.44871794871794873,41.61959345287497,-36.54596682242927,42.77369705517046,21.883166537941158,0.19230769230769232,-0.8262716459291111,rate_corrected,0.9987,0.0
results/RAL/modelB_seed4/deploy_gmd_03_high_bpm138_RAL-B_seed4_trial02_1785477782.csv,RAL/B_seed4,gmd_03_high_bpm138.mid,137.99987580011177,2,78,0.3717948717948718,37.45423512798987,22.80546761126503,39.81729542461792,18.1438666012475,0.23076923076923078,0.5692378944359209,rate_corrected,1.0003,0.0
results/RAL/modelB_seed4/deploy_gmd_03_high_bpm138_RAL-B_seed4_trial03_1785483274.csv,RAL/B_seed4,gmd_03_high_bpm138.mid,137.99987580011177,3,78,0.5,27.844138616425102,5.501121611147664,34.99869403037959,17.991860948280518,0.24358974358974358,-0.0688451129506054,rate_corrected,1.0003,0.0
results/RAL/modelB_seed4/deploy_gmd_04_extreme_bpm170_RAL-B_seed4_trial01_1785478843.csv,RAL/B_seed4,gmd_04_extreme_bpm170.mid,170.0000850000425,1,68,0.3382352941176471,40.656672086290975,12.32946697353694,48.676769391838825,18.52926635298426,0.27941176470588236,-1.100096746651258,rate_corrected,1.0,0.0
results/RAL/modelB_seed4/deploy_gmd_04_extreme_bpm170_RAL-B_seed4_trial02_1785481384.csv,RAL/B_seed4,gmd_04_extreme_bpm170.mid,170.0000850000425,2,68,0.4117647058823529,34.38348628879971,10.644750549683053,40.73798166891452,18.12848651530683,0.22058823529411764,-0.43941020972834344,rate_corrected,1.0012,0.0
results/RAL/modelB_seed4/deploy_gmd_04_extreme_bpm170_RAL-B_seed4_trial03_1785479380.csv,RAL/B_seed4,gmd_04_extreme_bpm170.mid,170.0000850000425,3,68,0.10294117647058823,50.61625939602064,30.817382421386814,45.425001601527065,21.281093424338334,0.14705882352941177,-0.19933391626929547,rate_corrected,1.0012,0.0
results/RAL/modelB_seed4/deploy_test_double_bpm160_RAL-B_seed4_trial01_1785477375.csv,RAL/B_seed4,test_double_bpm160.mid,160.0,1,24,0.125,47.79423543944341,-13.939985336504511,55.18004443644017,7.0896125166580255,0.5833333333333334,-1.0563971580626406,rate_corrected,0.9963,0.0
results/RAL/modelB_seed4/deploy_test_double_bpm160_RAL-B_seed4_trial02_1785481575.csv,RAL/B_seed4,test_double_bpm160.mid,160.0,2,24,0.2916666666666667,47.382947648367946,-16.227036865879292,51.479911019744556,39.923713899146506,0.041666666666666664,1.9739938260216279,rate_corrected,1.0025,0.0
results/RAL/modelB_seed4/deploy_test_double_bpm160_RAL-B_seed4_trial03_1785480932.csv,RAL/B_seed4,test_double_bpm160.mid,160.0,3,24,0.2916666666666667,46.45475216594115,-6.083360402682846,54.56509340696784,20.499318419955042,0.25,-13.341432620084777,rate_corrected,1.0025,0.0
results/RAL/modelB_seed5/deploy_gmd_03_high_bpm138_RAL-B_seed5_trial01_1785480499.csv,RAL/B_seed5,gmd_03_high_bpm138.mid,137.99987580011177,1,78,0.5512820512820513,25.798039659585267,13.980873105839647,31.76369680639601,19.41038474450139,0.23076923076923078,-0.404176089438708,rate_corrected,1.0003,0.0
results/RAL/modelB_seed5/deploy_gmd_03_high_bpm138_RAL-B_seed5_trial02_1785477724.csv,RAL/B_seed5,gmd_03_high_bpm138.mid,137.99987580011177,2,78,0.23076923076923078,34.95595598594795,30.960989587553964,23.12057878015089,13.639647612943923,0.4230769230769231,-0.3916023228480388,rate_corrected,1.0003,0.0
results/RAL/modelB_seed5/deploy_gmd_03_high_bpm138_RAL-B_seed5_trial03_1785480767.csv,RAL/B_seed5,gmd_03_high_bpm138.mid,137.99987580011177,3,78,0.5256410256410257,26.336377531678718,17.477045640288335,26.93986386866631,22.18228705710013,0.20512820512820512,0.2482400054333214,rate_corrected,1.0003,0.0
results/RAL/modelB_seed5/deploy_gmd_04_extreme_bpm170_RAL-B_seed5_trial01_1785482549.csv,RAL/B_seed5,gmd_04_extreme_bpm170.mid,170.0000850000425,1,68,0.3235294117647059,34.085075676840965,14.882216140592451,38.106940812681884,19.740357497410415,0.23529411764705882,-0.4048145924248521,rate_corrected,1.0012,0.0
results/RAL/modelB_seed5/deploy_gmd_04_extreme_bpm170_RAL-B_seed5_trial02_1785479630.csv,RAL/B_seed5,gmd_04_extreme_bpm170.mid,170.0000850000425,2,68,0.1323529411764706,50.72698047823015,43.98137137208247,33.06630032254995,14.843483131342694,0.45588235294117646,-0.9788551624935368,rate_corrected,1.0014,0.0
results/RAL/modelB_seed5/deploy_gmd_04_extreme_bpm170_RAL-B_seed5_trial03_1785483143.csv,RAL/B_seed5,gmd_04_extreme_bpm170.mid,170.0000850000425,3,68,0.47058823529411764,34.51942906561801,8.177919604074114,41.99961008517075,19.840889058037227,0.14705882352941177,-0.6771804750426801,rate_corrected,1.0012,0.0
results/RAL/modelB_seed5/deploy_test_double_bpm160_RAL-B_seed5_trial01_1785479996.csv,RAL/B_seed5,test_double_bpm160.mid,160.0,1,24,0.20833333333333334,46.449669628705685,-7.188639347299765,50.1821315573903,14.9023509425133,0.25,4.438505888913945,rate_corrected,1.0025,0.0
results/RAL/modelB_seed5/deploy_test_double_bpm160_RAL-B_seed5_trial02_1785481776.csv,RAL/B_seed5,test_double_bpm160.mid,160.0,2,24,0.25,49.74806700683204,2.98488402040986,60.44360510071781,20.796238085065266,0.16666666666666666,-4.237820490227975,rate_corrected,1.0025,0.0
results/RAL/modelB_seed5/deploy_test_double_bpm160_RAL-B_seed5_trial03_1785482669.csv,RAL/B_seed5,test_double_bpm160.mid,160.0,3,24,0.4166666666666667,46.16362278183619,-1.810338148307172,55.06459962482013,21.752484715313162,0.08333333333333333,-2.9441460193594153,rate_corrected,1.0019,0.0
results/RAL/modelC_seed1/deploy_gmd_03_high_bpm138_RAL-C_seed1_trial01_1785477328.csv,RAL/C_seed1,gmd_03_high_bpm138.mid,137.99987580011177,1,78,0.05128205128205128,63.07690337733335,42.57690977969971,58.43347974460331,2.6138579073849404,0.7564102564102564,0.8848438165471453,rate_corrected,1.0003,0.0
results/RAL/modelC_seed1/deploy_gmd_03_high_bpm138_RAL-C_seed1_trial02_1785480659.csv,RAL/C_seed1,gmd_03_high_bpm138.mid,137.99987580011177,2,78,0.5384615384615384,25.842068952742242,5.518814725500942,39.651317446066805,30.958314846159322,0.2692307692307692,0.03676293321325035,rate_corrected,1.0003,0.0
results/RAL/modelC_seed1/deploy_gmd_03_high_bpm138_RAL-C_seed1_trial03_1785481622.csv,RAL/C_seed1,gmd_03_high_bpm138.mid,137.99987580011177,3,78,0.5897435897435898,22.12808907700133,4.735583265506192,34.80572321312298,28.300270049682567,0.2564102564102564,-0.44948654621525214,rate_corrected,1.0003,0.0
results/RAL/modelC_seed1/deploy_gmd_04_extreme_bpm170_RAL-C_seed1_trial01_1785479258.csv,RAL/C_seed1,gmd_04_extreme_bpm170.mid,170.0000850000425,1,68,0.11764705882352941,44.53560385647454,14.978342104195868,47.23392205118054,8.501467581264507,0.6323529411764706,0.585361988658024,rate_corrected,1.0012,0.0
results/RAL/modelC_seed1/deploy_gmd_04_extreme_bpm170_RAL-C_seed1_trial02_1785483712.csv,RAL/C_seed1,gmd_04_extreme_bpm170.mid,170.0000850000425,2,68,0.2647058823529412,42.886722047533944,-35.97363849360316,43.074289183834914,15.158317460716395,0.4264705882352941,-0.8392386962416836,rate_corrected,0.9992,0.0
results/RAL/modelC_seed1/deploy_gmd_04_extreme_bpm170_RAL-C_seed1_trial03_1785483201.csv,RAL/C_seed1,gmd_04_extreme_bpm170.mid,170.0000850000425,3,68,0.35294117647058826,36.117696966417476,5.31142602447316,43.468446919686656,18.875965596663793,0.3088235294117647,-1.6650149676414616,rate_corrected,1.0012,0.0
results/RAL/modelC_seed1/deploy_test_double_bpm160_RAL-C_seed1_trial01_1785478016.csv,RAL/C_seed1,test_double_bpm160.mid,160.0,1,24,0.125,46.46388799335788,38.16676513740114,48.84462033668715,5.201915545111437,0.75,1.255527659547991,rate_corrected,1.0019,0.0
results/RAL/modelC_seed1/deploy_test_double_bpm160_RAL-C_seed1_trial02_1785482116.csv,RAL/C_seed1,test_double_bpm160.mid,160.0,2,24,0.20833333333333334,47.5412182324483,-4.422438905343922,52.622295364246895,25.194718263293343,0.25,-9.776364318633684,rate_corrected,1.0025,0.0
results/RAL/modelC_seed1/deploy_test_double_bpm160_RAL-C_seed1_trial03_1785483029.csv,RAL/C_seed1,test_double_bpm160.mid,160.0,3,24,0.20833333333333334,47.676608114479215,-7.877004818913901,53.19722168682408,36.86041851049328,0.0,10.144356656100289,rate_corrected,1.0025,0.0
results/RAL/modelC_seed2/deploy_gmd_03_high_bpm138_RAL-C_seed2_trial01_1785483010.csv,RAL/C_seed2,gmd_03_high_bpm138.mid,137.99987580011177,1,78,0.21794871794871795,46.81288755228573,18.933212298924456,55.59392786395866,28.87190520794451,0.38461538461538464,-0.7011008102680656,rate_corrected,1.0003,0.0
results/RAL/modelC_seed2/deploy_gmd_03_high_bpm138_RAL-C_seed2_trial02_1785482032.csv,RAL/C_seed2,gmd_03_high_bpm138.mid,137.99987580011177,2,78,0.2564102564102564,39.841299930085505,26.089929268637615,38.94696357096746,24.031200089520965,0.32051282051282054,0.41323925768505415,rate_corrected,1.0003,0.0
results/RAL/modelC_seed2/deploy_gmd_03_high_bpm138_RAL-C_seed2_trial03_1785482716.csv,RAL/C_seed2,gmd_03_high_bpm138.mid,137.99987580011177,3,78,0.21794871794871795,44.00489061301541,25.695527142824712,46.00851340034851,25.087414401449873,0.38461538461538464,0.5500881790730917,rate_corrected,1.0003,0.0
results/RAL/modelC_seed2/deploy_gmd_04_extreme_bpm170_RAL-C_seed2_trial01_1785476811.csv,RAL/C_seed2,gmd_04_extreme_bpm170.mid,170.0000850000425,1,68,0.0,82.88060028185713,82.88060028185713,32.472444525076824,1.9271971980417997,0.9264705882352942,0.6944500160554998,rate_corrected,1.0012,0.0
results/RAL/modelC_seed2/deploy_gmd_04_extreme_bpm170_RAL-C_seed2_trial02_1785483366.csv,RAL/C_seed2,gmd_04_extreme_bpm170.mid,170.0000850000425,2,68,0.3088235294117647,37.29252357254258,14.876252572653542,39.98706733702773,31.535312608273397,0.27941176470588236,-2.355997995981459,rate_corrected,1.0012,0.0
results/RAL/modelC_seed2/deploy_gmd_04_extreme_bpm170_RAL-C_seed2_trial03_1785481201.csv,RAL/C_seed2,gmd_04_extreme_bpm170.mid,170.0000850000425,3,68,0.1323529411764706,42.89513007359552,25.884992285790176,39.13772229429507,15.388328285811228,0.6029411764705882,0.7367093722685707,rate_corrected,1.0016,0.0
results/RAL/modelC_seed2/deploy_test_double_bpm160_RAL-C_seed2_trial01_1785480084.csv,RAL/C_seed2,test_double_bpm160.mid,160.0,1,24,0.20833333333333334,45.344673440378976,-16.03653085086571,50.626407536122386,24.625039419741412,0.25,6.6114228967942,rate_corrected,1.0025,0.0
results/RAL/modelC_seed2/deploy_test_double_bpm160_RAL-C_seed2_trial02_1785483664.csv,RAL/C_seed2,test_double_bpm160.mid,160.0,2,24,0.3333333333333333,45.229409334153175,-22.162410573735016,49.5321773911634,51.625019074068426,0.08333333333333333,4.715070270987468,rate_corrected,1.0025,0.0
results/RAL/modelC_seed2/deploy_test_double_bpm160_RAL-C_seed2_trial03_1785477801.csv,RAL/C_seed2,test_double_bpm160.mid,160.0,3,24,0.3333333333333333,46.44561448994082,-21.56403529890125,50.63371697269967,35.19080172124394,0.25,-1.4914573947801828,rate_corrected,1.0025,0.0
results/RAL/modelC_seed3/deploy_gmd_03_high_bpm138_RAL-C_seed3_trial01_1785476875.csv,RAL/C_seed3,gmd_03_high_bpm138.mid,137.99987580011177,1,78,0.0,84.88529436439804,84.88529436439804,24.966263048351813,0.9554899277180948,0.9615384615384616,1.1829602303290667,rate_corrected,1.0003,0.0
results/RAL/modelC_seed3/deploy_gmd_03_high_bpm138_RAL-C_seed3_trial02_1785480442.csv,RAL/C_seed3,gmd_03_high_bpm138.mid,137.99987580011177,2,78,0.5384615384615384,28.34781799663752,11.75397331567881,40.83012935779634,27.365934144186657,0.16666666666666666,0.13749970925020086,rate_corrected,1.0003,0.0
results/RAL/modelC_seed3/deploy_gmd_03_high_bpm138_RAL-C_seed3_trial03_1785481436.csv,RAL/C_seed3,gmd_03_high_bpm138.mid,137.99987580011177,3,78,0.5,29.422941833086266,14.058481345834993,36.72490750500185,27.787324332720612,0.16666666666666666,0.013387749979037293,rate_corrected,1.0003,0.0
results/RAL/modelC_seed3/deploy_gmd_04_extreme_bpm170_RAL-C_seed3_trial01_1785483401.csv,RAL/C_seed3,gmd_04_extreme_bpm170.mid,170.0000850000425,1,68,0.39705882352941174,31.892289414284473,5.400291817754457,41.59566152608596,27.97025701970598,0.27941176470588236,-0.6691255731294756,rate_corrected,1.0012,0.0
results/RAL/modelC_seed3/deploy_gmd_04_extreme_bpm170_RAL-C_seed3_trial02_1785483800.csv,RAL/C_seed3,gmd_04_extreme_bpm170.mid,170.0000850000425,2,68,0.47058823529411764,34.426383898255104,15.836136593197216,43.07485097597987,34.048152822333805,0.14705882352941177,-0.4648929514323345,rate_corrected,1.0004,0.0
results/RAL/modelC_seed3/deploy_gmd_04_extreme_bpm170_RAL-C_seed3_trial03_1785482151.csv,RAL/C_seed3,gmd_04_extreme_bpm170.mid,170.0000850000425,3,68,0.25,44.92519470347045,30.78207785237808,41.41076906771729,23.58748489782582,0.29411764705882354,0.10908802739751251,rate_corrected,1.0,0.0
results/RAL/modelC_seed3/deploy_test_double_bpm160_RAL-C_seed3_trial01_1785482211.csv,RAL/C_seed3,test_double_bpm160.mid,160.0,1,24,0.125,44.79197062849658,4.976885625388644,48.218462483232706,21.44030579546495,0.3333333333333333,-1.2177954874809906,rate_corrected,1.0025,0.0
results/RAL/modelC_seed3/deploy_test_double_bpm160_RAL-C_seed3_trial02_1785482459.csv,RAL/C_seed3,test_double_bpm160.mid,160.0,2,24,0.2916666666666667,45.24054841886132,6.786082262829255,51.95680285165796,40.87360250658692,0.08333333333333333,-2.8937673500612267,rate_corrected,1.0025,0.0
results/RAL/modelC_seed3/deploy_test_double_bpm160_RAL-C_seed3_trial03_1785482476.csv,RAL/C_seed3,test_double_bpm160.mid,160.0,3,24,0.3333333333333333,45.975853634631655,2.369889362609825,52.56604792326075,31.926592811873736,0.125,-2.684685506492188,rate_corrected,1.0025,0.0
results/RAL/modelC_seed4/deploy_gmd_03_high_bpm138_RAL-C_seed4_trial01_1785483766.csv,RAL/C_seed4,gmd_03_high_bpm138.mid,137.99987580011177,1,78,0.5256410256410257,32.036434535956246,-7.605772227960492,45.836886051334126,24.622985289295904,0.16666666666666666,-0.8286074359088368,rate_corrected,1.0003,0.0
results/RAL/modelC_seed4/deploy_gmd_03_high_bpm138_RAL-C_seed4_trial02_1785479701.csv,RAL/C_seed4,gmd_03_high_bpm138.mid,137.99987580011177,2,78,0.0641025641025641,56.28142942635858,39.22014582945882,47.863057024824016,14.868995776707802,0.38461538461538464,-1.95954232844895,rate_corrected,1.0003,0.0
results/RAL/modelC_seed4/deploy_gmd_03_high_bpm138_RAL-C_seed4_trial03_1785482782.csv,RAL/C_seed4,gmd_03_high_bpm138.mid,137.99987580011177,3,78,0.5256410256410257,27.93276807841774,3.2165005666060207,41.470787405433256,22.30142662293912,0.24358974358974358,0.3543977978301211,rate_corrected,1.0002,0.0
results/RAL/modelC_seed4/deploy_gmd_04_extreme_bpm170_RAL-C_seed4_trial01_1785477679.csv,RAL/C_seed4,gmd_04_extreme_bpm170.mid,170.0000850000425,1,68,0.25,35.0797934303665,2.4963148883031705,42.724115279602074,13.940269891336152,0.4411764705882353,-0.027583103675662794,rate_corrected,1.0012,0.0
results/RAL/modelC_seed4/deploy_gmd_04_extreme_bpm170_RAL-C_seed4_trial02_1785481893.csv,RAL/C_seed4,gmd_04_extreme_bpm170.mid,170.0000850000425,2,68,0.4117647058823529,36.29300729018098,-9.793351173540838,46.478999105366725,22.44057238362125,0.23529411764705882,-1.2683277034046696,rate_corrected,1.0012,0.0
results/RAL/modelC_seed4/deploy_gmd_04_extreme_bpm170_RAL-C_seed4_trial03_1785480966.csv,RAL/C_seed4,gmd_04_extreme_bpm170.mid,170.0000850000425,3,68,0.36764705882352944,43.33378359459338,13.753766097414466,51.54289929345639,18.973355546021015,0.22058823529411764,-2.3763198308067346,rate_corrected,1.0,0.0
results/RAL/modelC_seed4/deploy_test_double_bpm160_RAL-C_seed4_trial01_1785480850.csv,RAL/C_seed4,test_double_bpm160.mid,160.0,1,24,0.375,52.754327592798234,-38.81922219092692,53.73804931128026,17.12893052969959,0.16666666666666666,6.874718822756315,rate_corrected,1.0025,0.0
results/RAL/modelC_seed4/deploy_test_double_bpm160_RAL-C_seed4_trial02_1785480582.csv,RAL/C_seed4,test_double_bpm160.mid,160.0,2,24,0.4166666666666667,56.816690923885226,-39.81315568389035,58.37016682622302,30.579963581245362,0.0,-0.11941610500319948,rate_corrected,1.0025,0.0
results/RAL/modelC_seed4/deploy_test_double_bpm160_RAL-C_seed4_trial03_1785480724.csv,RAL/C_seed4,test_double_bpm160.mid,160.0,3,24,0.4166666666666667,54.74697398881305,-43.88807005714763,52.39398447979332,19.712830998667357,0.08333333333333333,6.621166919251086,rate_corrected,1.0025,0.0
results/RAL/modelC_seed5/deploy_gmd_03_high_bpm138_RAL-C_seed5_trial01_1785476127.csv,RAL/C_seed5,gmd_03_high_bpm138.mid,137.99987580011177,1,78,0.10256410256410256,43.73249553299758,36.46896686315706,30.795357529046292,11.561063233569111,0.5769230769230769,0.3861126380652701,rate_corrected,1.0003,0.0
results/RAL/modelC_seed5/deploy_gmd_03_high_bpm138_RAL-C_seed5_trial02_1785476082.csv,RAL/C_seed5,gmd_03_high_bpm138.mid,137.99987580011177,2,78,0.28205128205128205,23.122465163337083,-5.734371360507608,31.8810571322881,10.945606625803167,0.6538461538461539,0.3788032068342482,rate_corrected,0.9987,0.0
results/RAL/modelC_seed5/deploy_gmd_03_high_bpm138_RAL-C_seed5_trial03_1785480040.csv,RAL/C_seed5,gmd_03_high_bpm138.mid,137.99987580011177,3,78,0.47435897435897434,25.579685066168633,12.738886985143667,28.54216544023439,24.353209490786934,0.3717948717948718,-1.023647494612986,rate_corrected,1.0003,0.0
results/RAL/modelC_seed5/deploy_gmd_04_extreme_bpm170_RAL-C_seed5_trial01_1785476712.csv,RAL/C_seed5,gmd_04_extreme_bpm170.mid,170.0000850000425,1,68,0.07352941176470588,57.5838909163039,47.59824509266743,50.526164989867034,3.671913456687961,0.7794117647058824,-1.4286770312316814,rate_corrected,1.0012,0.0
results/RAL/modelC_seed5/deploy_gmd_04_extreme_bpm170_RAL-C_seed5_trial02_1785478803.csv,RAL/C_seed5,gmd_04_extreme_bpm170.mid,170.0000850000425,2,68,0.5,34.52747775937363,-28.495568994181895,39.440550312572476,19.298961114033307,0.29411764705882354,-0.9883112225094237,rate_corrected,0.9998,0.0
results/RAL/modelC_seed5/deploy_gmd_04_extreme_bpm170_RAL-C_seed5_trial03_1785483064.csv,RAL/C_seed5,gmd_04_extreme_bpm170.mid,170.0000850000425,3,68,0.39705882352941174,30.4427323530101,4.01335056743863,39.11833629011603,33.281375271749376,0.25,-1.6105681335014317,rate_corrected,1.0012,0.0
results/RAL/modelC_seed5/deploy_test_double_bpm160_RAL-C_seed5_trial01_1785483833.csv,RAL/C_seed5,test_double_bpm160.mid,160.0,1,24,0.375,45.25646842522979,-24.438492949624052,51.71020117953867,51.949278237250894,0.08333333333333333,1.8420348836003837,rate_corrected,1.0019,0.0
results/RAL/modelC_seed5/deploy_test_double_bpm160_RAL-C_seed5_trial02_1785483228.csv,RAL/C_seed5,test_double_bpm160.mid,160.0,2,24,0.125,74.65531674593812,-74.65531674593812,48.25401003177598,47.79685354167302,0.375,-8.496476602943531,rate_corrected,0.9969,0.0
results/RAL/modelC_seed5/deploy_test_double_bpm160_RAL-C_seed5_trial03_1785477638.csv,RAL/C_seed5,test_double_bpm160.mid,160.0,3,24,0.25,44.066355033870266,-13.504205574895636,49.191511881109115,29.030513423057755,0.4166666666666667,8.523946453486865,rate_corrected,1.0025,0.0
