meas_pres_DF,meas_pres_F,meas_pres_G,wrist_angle_deg,grip_angle_deg,flag,force_N,t_recv,t_recv_rel,time,target_force,action_DF,action_F,action_G,cmd_DF,cmd_F,cmd_G,obs_t_recv,t_send
-0.006392186853780972,-0.0008652934972375597,0.003971950864483981,-0.72,5.3999999999999995,0.0,-0.5616321298867941,5118.596625819,0.0,0.0,0.0,1.0,-0.9493603706359863,-0.4649222791194916,0.6000000238418579,0.015191889367997646,0.16052331030368805,5118.552959794,5118.5962942
-0.006394044113949374,0.0009336001770244452,-0.007823818484633628,-0.72,5.3999999999999995,0.0,-0.34800256355481984,5118.596771676,0.000145856999552052,0.005,0.0,1.0,-0.9493603706359863,-0.4649222791194916,0.6000000238418579,0.015191889367997646,0.16052331030368805,5118.552959794,5118.5962942
-0.006607107878034487,-0.005873080365731982,-0.010081495589107219,-0.72,5.3999999999999995,0.0,-0.5921506393627904,5118.596777596,0.00015177699970081449,0.01,0.0,1.0,-0.9493603706359863,-0.4649222791194916,0.6000000238418579,0.015191889367997646,0.16052331030368805,5118.552959794,5118.5962942
-0.0036253780134348494,-0.009021370343420243,-0.012392800689736862,-0.72,5.3999999999999995,0.0,-0.4853358561968033,5118.596781436,0.0001556170000185375,0.015,0.0,1.0,-0.9493603706359863,-0.4649222791194916,0.6000000238418579,0.015191889367997646,0.16052331030368805,5118.552959794,5118.5962942
-0.013266329848907136,-0.006484473735584047,-0.015143138991041458,-0.72,5.3999999999999995,0.0,-0.363261818292818,5118.596785308,0.0001594889999978477,0.02,0.0,1.0,0.38466203212738037,-1.0,0.6000000238418579,0.41539862751960754,0.0,5118.596801981,5118.616356382
-0.004898401264402334,-0.004100293409080121,-0.015072889401037156,-0.72,5.3999999999999995,0.0,-0.2411877803888327,5118.596790428,0.0001646089995119837,0.025,0.0,1.0,0.38466203212738037,-1.0,0.6000000238418579,0.41539862751960754,0.0,5118.596801981,5118.616356382
-0.0040741891169185415,-0.012128096757523434,-0.011446832538287412,-0.72,5.3999999999999995,0.0,-0.5921506393627904,5118.596794524,0.00016870499985088827,0.03,0.0,1.0,0.38466203212738037,-1.0,0.6000000238418579,0.41539862751960754,0.0,5118.596801981,5118.616356382
-0.010963189804265024,-0.007741829083147309,-0.004812059063957352,-0.72,5.3999999999999995,0.0,-0.34800256355481984,5118.596798652,0.00017283299985138,0.035,0.0,1.0,0.38466203212738037,-1.0,0.6000000238418579,0.41539862751960754,0.0,5118.596801981,5118.616356382
-0.0022407166172796577,-0.010652496017226714,-0.0035666502981050808,-0.72,5.3999999999999995,0.0,-0.5921506393627904,5118.596801981,0.0001761619996614172,0.04,0.0,0.9996767044067383,-0.2511870563030243,-1.0,0.5999030470848083,0.22464388608932495,0.0,5118.596801981,5118.636188771
-0.012668446616722421,-0.003954469466018989,-0.006186971859446413,-0.72,5.3999999999999995,0.0,-0.180150761436785,5118.638368693,0.04174287400019239,0.045,0.0,0.9996767044067383,-0.2511870563030243,-1.0,0.5999030470848083,0.22464388608932495,0.0,5118.596801981,5118.636188771
-0.01875146928911485,-0.011409350394463395,-0.0054239699560622474,-0.72,5.3999999999999995,0.6000000238418579,-0.6531876583147831,5118.638386037,0.04176021799958107,0.05,0.0,0.9996767044067383,-0.2511870563030243,-1.0,0.5999030470848083,0.22464388608932495,0.0,5118.596801981,5118.636188771
-0.015151218618703157,-0.004597090452950209,-0.01167299388818657,-0.72,5.3999999999999995,0.6000000238418579,-0.27170628986482903,5118.638391253,0.04176543399989896,0.055,0.0,0.9996767044067383,-0.2511870563030243,-1.0,0.5999030470848083,0.22464388608932495,0.0,5118.596801981,5118.636188771
-0.003622222704949233,-0.01707024496283401,-0.003038199000172169,-0.72,5.3999999999999995,0.6000000238418579,-0.6989654225287776,5118.638396437,0.041770617999645765,0.06,0.0,0.9150532484054565,-0.7995868921279907,-1.0,0.5745159983634949,0.06012393534183502,0.0,5118.638414741,5118.655950662
-0.004648265920044148,-0.008889973671758727,-0.003359860427364448,-0.72,5.3999999999999995,0.6000000238418579,-0.27170628986482903,5118.638401109,0.0417752900002597,0.065,0.0,0.9150532484054565,-0.7995868921279907,-1.0,0.5745159983634949,0.06012393534183502,0.0,5118.638414741,5118.655950662
-0.0034432032109939165,-0.0065355643212520196,0.003996553991647632,-0.72,5.3999999999999995,0.6000000238418579,-0.7905209509567666,5118.638406133,0.04178031399987958,0.07,0.0,0.9150532484054565,-0.7995868921279907,-1.0,0.5745159983634949,0.06012393534183502,0.0,5118.638414741,5118.655950662
-0.0069501985338312105,-0.01646901592203226,0.010030513181909367,-0.72,5.3999999999999995,0.6000000238418579,-0.2869655446028272,5118.638410613,0.04178479399979551,0.075,0.0,0.9150532484054565,-0.7995868921279907,-1.0,0.5745159983634949,0.06012393534183502,0.0,5118.638414741,5118.655950662
-0.010009156479609774,-0.0015306515885823123,0.0031382283309158514,-0.72,5.3999999999999995,0.6000000238418579,-0.4090395825068125,5118.638414741,0.041788921999796,0.08,0.0,0.7867128252983093,-0.13115546107292175,-0.792141318321228,0.5360139012336731,0.26065337657928467,0.06235760822892189,5118.638414741,5118.675714218
-0.001368104822889817,0.009490634292504359,-0.00016385501526345112,-0.54,5.22,0.6000000238418579,-0.3327433088168217,5118.682337505,0.08571168599974044,0.085,0.0,0.7867128252983093,-0.13115546107292175,-0.792141318321228,0.5360139012336731,0.26065337657928467,0.06235760822892189,5118.638414741,5118.675714218
-0.0057375396310349195,0.04345232046539697,0.004563299803872785,-0.36,5.04,0.5999030470848083,-0.4090395825068125,5118.682356609,0.08573078999961581,0.09,0.0,0.7867128252983093,-0.13115546107292175,-0.792141318321228,0.5360139012336731,0.26065337657928467,0.06235760822892189,5118.638414741,5118.675714218
-0.00900680625336792,0.07100647708174072,0.014595394922429727,-0.0,4.68,0.5999030470848083,-0.30222479934082536,5118.682361761,0.08573594199970103,0.095,0.0,0.7867128252983093,-0.13115546107292175,-0.792141318321228,0.5360139012336731,0.26065337657928467,0.06235760822892189,5118.638414741,5118.675714218
-0.015008108198720378,0.07555404442890672,0.012273629226947157,0.36,3.96,0.5999030470848083,-0.25644703512683087,5118.682366273,0.08574045400018804,0.1,0.0,-0.14696189761161804,0.9386260509490967,-0.6555736660957336,0.2559114396572113,0.5815878510475159,0.1033279076218605,5118.682388513,5118.696173395
-0.008915769284001202,0.095233606858618,0.011710314525076574,0.8999999999999999,3.2399999999999998,0.5999030470848083,-0.39378032776881433,5118.682371009,0.08574519000012515,0.105,0.0,-0.14696189761161804,0.9386260509490967,-0.6555736660957336,0.2559114396572113,0.5815878510475159,0.1033279076218605,5118.682388513,5118.696173395
0.015631078684897153,0.13057673722661353,0.005033549247253037,1.6199999999999999,2.16,0.5745159983634949,-0.7447431867427721,5118.682375457,0.08574963799947,0.11,0.0,-0.14696189761161804,0.9386260509490967,-0.6555736660957336,0.2559114396572113,0.5815878510475159,0.1033279076218605,5118.682388513,5118.696173395
0.01899710837275972,0.15109694021822223,0.007005981387982054,2.52,1.08,0.5745159983634949,-0.2411877803888327,5118.682379841,0.08575402199949167,0.115,0.0,-0.14696189761161804,0.9386260509490967,-0.6555736660957336,0.2559114396572113,0.5815878510475159,0.1033279076218605,5118.682388513,5118.696173395
0.05221783469259175,0.1535928960222984,0.014690825059015245,3.5999999999999996,-0.36,0.5745159983634949,-0.42429883724481066,5118.682383745,0.08575792600004206,0.12,0.0,0.14513254165649414,-0.3584161698818207,0.23268193006515503,0.3435397744178772,0.19247515499591827,0.36980462074279785,5118.682388513,5118.715747509
0.07289250202662322,0.17120872490816086,0.012209762018734449,4.859999999999999,-2.16,0.5745159983634949,-0.37852107303081617,5118.682388513,0.08576269399964076,0.125,0.0,0.14513254165649414,-0.3584161698818207,0.23268193006515503,0.3435397744178772,0.19247515499591827,0.36980462074279785,5118.682388513,5118.715747509
0.08876823600956961,0.1956567427970339,0.013307877159439579,6.12,-3.78,0.5360139012336731,-0.7294839320047739,5118.722950065,0.1263242459999674,0.13,0.0,0.14513254165649414,-0.3584161698818207,0.23268193006515503,0.3435397744178772,0.19247515499591827,0.36980462074279785,5118.682388513,5118.715747509
0.08811251612625066,0.20481238254117384,0.003427363229301262,6.66,-3.2399999999999998,0.5360139012336731,-0.30222479934082536,5118.722966897,0.1263410780002232,0.135,0.0,0.14513254165649414,-0.3584161698818207,0.23268193006515503,0.3435397744178772,0.19247515499591827,0.36980462074279785,5118.682388513,5118.715747509
0.10094160476900606,0.20823076861307704,0.00022098190596393465,7.56,-2.88,0.5360139012336731,-0.6684469130527813,5118.722972049,0.12634623000030842,0.14,0.0,-0.15663594007492065,0.3719913959503174,-1.0,0.25300922989845276,0.41159743070602417,0.0,5118.722996817,5118.735473688
0.10234695764613946,0.23503074378054112,-0.0002450950689895455,8.64,-2.52,0.5360139012336731,-0.27170628986482903,5118.722977425,0.12635160599984374,0.145,0.0,-0.15663594007492065,0.3719913959503174,-1.0,0.25300922989845276,0.41159743070602417,0.0,5118.722996817,5118.735473688
0.09626789687660468,0.24264571294981344,0.004017261712123367,9.719999999999999,-2.16,0.2559114396572113,-0.6989654225287776,5118.722982289,0.1263564700002462,0.15,0.0,-0.15663594007492065,0.3719913959503174,-1.0,0.25300922989845276,0.41159743070602417,0.0,5118.722996817,5118.735473688
0.09704562358136465,0.25392033099737565,0.017426395170097638,11.16,-2.6999999999999997,0.2559114396572113,-0.546372875148796,5118.722986513,0.12636069400014094,0.155,0.0,-0.15663594007492065,0.3719913959503174,-1.0,0.25300922989845276,0.41159743070602417,0.0,5118.722996817,5118.735473688
0.0945797283788539,0.27408919799751974,0.00804037172021032,12.959999999999999,-3.42,0.2559114396572113,-0.6837061677907794,5118.722991473,0.12636565399952815,0.16,0.0,-0.09349752962589264,-0.3389219641685486,-1.0,0.27195075154304504,0.19832341372966766,0.0,5118.722996817,5118.75598189
0.10511427426423972,0.29211048097265163,0.00797259147415373,14.399999999999999,-3.5999999999999996,0.2559114396572113,-0.3327433088168217,5118.722996817,0.12637099800031137,0.165,0.0,-0.09349752962589264,-0.3389219641685486,-1.0,0.27195075154304504,0.19832341372966766,0.0,5118.722996817,5118.75598189
0.12514155751395611,0.3137843209766512,0.0235990486747395,16.02,-3.42,0.3435397744178772,-0.8210394604327629,5118.76707171,0.17044589099987206,0.17,0.0,-0.09349752962589264,-0.3389219641685486,-1.0,0.27195075154304504,0.19832341372966766,0.0,5118.722996817,5118.75598189
0.12339251148895723,0.3315090334490495,0.029586004250909292,17.82,-3.42,0.3435397744178772,-0.7142246772667757,5118.767090654,0.1704648349996205,0.175,0.0,-0.09349752962589264,-0.3389219641685486,-1.0,0.27195075154304504,0.19832341372966766,0.0,5118.722996817,5118.75598189
0.13475013906745661,0.32772976224888684,0.02918408307490652,19.439999999999998,-3.42,0.3435397744178772,-0.6989654225287776,5118.767095358,0.17046953899989603,0.18,0.0,-1.0,0.9717996120452881,-1.0,0.0,0.5915399193763733,0.0,5118.767118942,5118.775791526
0.14846152039708002,0.33652766400396994,0.04110225817879813,21.24,-3.42,0.3435397744178772,-0.39378032776881433,5118.767099518,0.1704736989995581,0.185,0.0,-1.0,0.9717996120452881,-1.0,0.0,0.5915399193763733,0.0,5118.767118942,5118.775791526
0.16300794403989374,0.3331780373134622,0.04840012215580594,23.04,-3.42,0.25300922989845276,-0.7600024414807702,5118.767102718,0.17047689900027763,0.19,0.0,-1.0,0.9717996120452881,-1.0,0.0,0.5915399193763733,0.0,5118.767118942,5118.775791526
0.17247863334231753,0.33918024793635254,0.062005124064274934,24.84,-3.2399999999999998,0.25300922989845276,-0.5005951109348015,5118.767106622,0.17048080299991852,0.195,0.0,-1.0,0.9717996120452881,-1.0,0.0,0.5915399193763733,0.0,5118.767118942,5118.775791526
0.18092575834116437,0.3301884638977385,0.07782601313386707,26.64,-3.06,0.25300922989845276,-0.42429883724481066,5118.767111102,0.17048528299983445,0.2,0.0,-0.1640271246433258,-1.0,0.6383242607116699,0.25079187750816345,0.0,0.49149730801582336,5118.767118942,5118.795474345
0.1868349481680306,0.328870885076487,0.08418788575174217,28.259999999999998,-2.88,0.25300922989845276,-0.3327433088168217,5118.767115518,0.1704896989995177,0.205,0.0,-0.1640271246433258,-1.0,0.6383242607116699,0.25079187750816345,0.0,0.49149730801582336,5118.767118942,5118.795474345
0.19101724107097817,0.3249314631913349,0.09947007632111016,29.7,-2.52,0.27195075154304504,-0.6379284035767849,5118.767118942,0.17049312299968733,0.21,0.0,-0.1640271246433258,-1.0,0.6383242607116699,0.25079187750816345,0.0,0.49149730801582336,5118.767118942,5118.795474345
0.19917376755185467,0.31184946323816737,0.11406663691261486,31.14,-2.16,0.27195075154304504,-0.5005951109348015,5118.810788552,0.21416273300019384,0.215,0.0,-0.1640271246433258,-1.0,0.6383242607116699,0.25079187750816345,0.0,0.49149730801582336,5118.767118942,5118.795474345
0.2087391512516107,0.3032571844539662,0.12686387133833354,32.58,-1.6199999999999999,0.27195075154304504,-0.6989654225287776,5118.810806376,0.2141805569999633,0.22,0.0,-0.6300554275512695,-0.6180707216262817,0.765499472618103,0.11098337918519974,0.11457879096269608,0.5296498537063599,5118.810835848,5118.815757233
0.21562912126752953,0.3039020613565998,0.1377908226513206,33.66,-0.8999999999999999,0.27195075154304504,-0.47007660145880514,5118.810811656,0.21418583699960436,0.225,0.0,-0.6300554275512695,-0.6180707216262817,0.765499472618103,0.11098337918519974,0.11457879096269608,0.5296498537063599,5118.810835848,5118.815757233
0.22416673384173932,0.30554013643519695,0.1361175295619186,34.74,0.0,0.0,-0.8210394604327629,5118.81081588,0.2141900609994991,0.23,0.0,-0.6300554275512695,-0.6180707216262817,0.765499472618103,0.11098337918519974,0.11457879096269608,0.5296498537063599,5118.810835848,5118.815757233
0.23636929143551927,0.302249700516566,0.1409758136599733,35.64,0.8999999999999999,0.0,-0.4853358561968033,5118.810820072,0.21419425299973227,0.235,0.0,-0.6300554275512695,-0.6180707216262817,0.765499472618103,0.11098337918519974,0.11457879096269608,0.5296498537063599,5118.810835848,5118.815757233
0.2453982216991616,0.30196627567481227,0.13552630964244758,36.36,2.16,0.0,-0.5616321298867941,5118.81082484,0.21419902100024046,0.24,0.0,-0.30994439125061035,0.37057551741600037,0.8296098709106445,0.2070166915655136,0.41117268800735474,0.5488829612731934,5118.810835848,5118.835778486
0.24969483817791063,0.3099150840833627,0.1362174365013597,36.9,3.42,0.0,-0.2869655446028272,5118.810829096,0.2142032769997968,0.245,0.0,-0.30994439125061035,0.37057551741600037,0.8296098709106445,0.2070166915655136,0.41117268800735474,0.5488829612731934,5118.810835848,5118.835778486
0.25191463714387236,0.31331740354315657,0.125957904879578,37.44,4.859999999999999,0.25079187750816345,-0.6531876583147831,5118.810832904,0.21420708499954344,0.25,0.0,-0.30994439125061035,0.37057551741600037,0.8296098709106445,0.2070166915655136,0.41117268800735474,0.5488829612731934,5118.810835848,5118.835778486
0.2524308927003242,0.3068027461161385,0.12107048069794277,37.62,6.4799999999999995,0.25079187750816345,-0.5311136204107978,5118.810835848,0.21421002900024178,0.255,0.0,-0.30994439125061035,0.37057551741600037,0.8296098709106445,0.2070166915655136,0.41117268800735474,0.5488829612731934,5118.810835848,5118.835778486
0.25409086736825903,0.3075456274180671,0.10584694875220507,37.8,8.28,0.25079187750816345,-0.5921506393627904,5118.852258047,0.2556322279997403,0.26,0.0,-0.5806812644004822,1.0,0.7534245252609253,0.1257956326007843,0.6000000238418579,0.5260273814201355,5118.852298015,5118.855787388
0.26280005991985544,0.3003437139878437,0.0963732911244744,37.62,10.26,0.25079187750816345,-0.34800256355481984,5118.852274431,0.2556486120001864,0.265,0.0,-0.5806812644004822,1.0,0.7534245252609253,0.1257956326007843,0.6000000238418579,0.5260273814201355,5118.852298015,5118.855787388
0.27440798815846645,0.3054510120271848,0.07860824465289683,37.44,12.42,0.11098337918519974,-0.6226691488387868,5118.852278879,0.25565305999953125,0.27,0.0,-0.5806812644004822,1.0,0.7534245252609253,0.1257956326007843,0.6000000238418579,0.5260273814201355,5118.852298015,5118.855787388
0.28037292913057993,0.31361007509287847,0.07937537007087046,37.26,14.76,0.11098337918519974,-0.39378032776881433,5118.852282207,0.2556563879998066,0.275,0.0,-0.5806812644004822,1.0,0.7534245252609253,0.1257956326007843,0.6000000238418579,0.5260273814201355,5118.852298015,5118.855787388
0.2819980785910072,0.30708056085657226,0.07904802066421247,36.72,17.099999999999998,0.11098337918519974,-0.5921506393627904,5118.852286527,0.2556607079995956,0.28,0.0,-0.667915403842926,1.0,1.0,0.09962538629770279,0.6000000238418579,0.6000000238418579,5118.852298015,5118.875876834
0.28335042146101824,0.29248519763658337,0.07112818979501108,36.18,19.62,0.11098337918519974,-0.3327433088168217,5118.852290559,0.25566473999970185,0.285,0.0,-0.667915403842926,1.0,1.0,0.09962538629770279,0.6000000238418579,0.6000000238418579,5118.852298015,5118.875876834
0.2833113370801472,0.3010408721572297,0.07005450812345662,35.46,22.32,0.2070166915655136,-0.8515579699087592,5118.852294463,0.25566864400025224,0.29,0.0,-0.667915403842926,1.0,1.0,0.09962538629770279,0.6000000238418579,0.6000000238418579,5118.852298015,5118.875876834
0.28157614763656386,0.28757483629176356,0.09636752512299362,34.74,25.02,0.2070166915655136,-0.2869655446028272,5118.852298015,0.2556721959999777,0.295,0.0,-0.667915403842926,1.0,1.0,0.09962538629770279,0.6000000238418579,0.6000000238418579,5118.852298015,5118.875876834
0.28082166639383543,0.2738207239002468,0.10607850622781834,33.839999999999996,27.9,0.2070166915655136,-0.5005951109348015,5118.895760487,0.2991346680000788,0.3,0.0,-1.0,1.0,1.0,0.0,0.6000000238418579,0.6000000238418579,5118.852298015,5118.895601701
0.27987424993575094,0.2770683762906784,0.12424913754591911,32.76,30.779999999999998,0.2070166915655136,-0.363261818292818,5118.895775879,0.2991500600001018,0.305,0.0,-1.0,1.0,1.0,0.0,0.6000000238418579,0.6000000238418579,5118.852298015,5118.895601701
0.27844227283513134,0.26771496908288606,0.14517394358991337,31.68,33.66,0.1257956326007843,-0.6989654225287776,5118.895779911,0.29915409200020804,0.31,0.0,-1.0,1.0,1.0,0.0,0.6000000238418579,0.6000000238418579,5118.852298015,5118.895601701
0.27635872820675733,0.24872806374633058,0.16258297342841935,30.419999999999998,36.72,0.1257956326007843,-0.30222479934082536,5118.895783687,0.2991578680002931,0.315,0.0,-1.0,1.0,1.0,0.0,0.6000000238418579,0.6000000238418579,5118.852298015,5118.895601701
0.2745563312197665,0.24255261001085204,0.17775942940691492,29.16,39.42,0.1257956326007843,-0.7142246772667757,5118.895787399,0.2991615800001455,0.32,0.0,-0.23493313789367676,0.9870672225952148,1.0,0.2295200675725937,0.5961201786994934,0.6000000238418579,5118.895804135,5118.916065039
0.2744248847094809,0.2359176351385689,0.1970873167965184,27.9,41.94,0.1257956326007843,-0.47007660145880514,5118.895792455,0.29916663600033644,0.325,0.0,-0.23493313789367676,0.9870672225952148,1.0,0.2295200675725937,0.5961201786994934,0.6000000238418579,5118.895804135,5118.916065039
0.27463950829155087,0.23005515518018813,0.21337498237683755,26.64,43.92,0.09962538629770279,-0.7905209509567666,5118.895796711,0.2991708919998928,0.33,0.0,-0.23493313789367676,0.9870672225952148,1.0,0.2295200675725937,0.5961201786994934,0.6000000238418579,5118.895804135,5118.916065039
0.2738664603408329,0.23374916068415902,0.22760956733887686,25.56,45.18,0.09962538629770279,-0.30222479934082536,5118.895801191,0.2991753719998087,0.335,0.0,-0.23493313789367676,0.9870672225952148,1.0,0.2295200675725937,0.5961201786994934,0.6000000238418579,5118.895804135,5118.916065039
0.27415308073253264,0.22729029299868508,0.24490024130635774,24.84,45.54,0.09962538629770279,-0.6837061677907794,5118.895804135,0.29917831599959754,0.34,0.0,-1.0,1.0,0.6815459132194519,0.0,0.6000000238418579,0.504463791847229,5118.895804135,5118.935689905
0.2753245916810305,0.22000916241678845,0.2612863573474462,24.3,44.82,0.09962538629770279,-0.546372875148796,5118.937453664,0.3408278449996942,0.345,0.0,-1.0,1.0,0.6815459132194519,0.0,0.6000000238418579,0.504463791847229,5118.895804135,5118.935689905
0.2760394551149059,0.21518012848010626,0.27312604583407446,23.939999999999998,43.199999999999996,0.0,-0.6684469130527813,5118.937471456,0.3408456369998021,0.35,0.0,-1.0,1.0,0.6815459132194519,0.0,0.6000000238418579,0.504463791847229,5118.895804135,5118.935689905
0.2789779029895074,0.21110266174223344,0.2869095926611867,23.759999999999998,40.68,0.0,-0.4090395825068125,5118.93747664,0.3408508209995489,0.355,0.0,-1.0,1.0,0.6815459132194519,0.0,0.6000000238418579,0.504463791847229,5118.895804135,5118.935689905
0.2885448365174077,0.20932762236887914,0.30021299055620926,23.759999999999998,37.62,0.0,-0.6226691488387868,5118.937481248,0.34085542899993015,0.36,0.0,-1.0,1.0,1.0,0.0,0.6000000238418579,0.6000000238418579,5118.937497568,5118.955977209
0.3017015203607404,0.20308701057448303,0.31005084681410544,23.939999999999998,34.019999999999996,0.0,-0.7294839320047739,5118.937485024,0.3408592050000152,0.365,0.0,-1.0,1.0,1.0,0.0,0.6000000238418579,0.6000000238418579,5118.937497568,5118.955977209
0.3120795043562511,0.1950241397612996,0.3205492829293772,24.119999999999997,29.88,0.2295200675725937,-0.5768913846247923,5118.937489728,0.34086390900029073,0.37,0.0,-1.0,1.0,1.0,0.0,0.6000000238418579,0.6000000238418579,5118.937497568,5118.955977209
0.32433790271678165,0.1840855133089212,0.33182596578887325,24.3,25.56,0.2295200675725937,-0.47007660145880514,5118.937493952,0.3408681330001855,0.375,0.0,-1.0,1.0,1.0,0.0,0.6000000238418579,0.6000000238418579,5118.937497568,5118.955977209
0.3363915717379632,0.18196499410435105,0.3411120788350675,24.48,21.06,0.2295200675725937,-0.7752616962187684,5118.937497568,0.3408717490001436,0.38,0.0,-0.9903931617736816,-1.0,1.0,0.0028820515144616365,0.0,0.6000000238418579,5118.937497568,5118.975442906
0.346329420781902,0.17727711917427535,0.34992818590319624,24.48,16.74,0.2295200675725937,-0.5311136204107978,5118.981923344,0.3852975250001691,0.385,0.0,-0.9903931617736816,-1.0,1.0,0.0028820515144616365,0.0,0.6000000238418579,5118.937497568,5118.975442906
0.35597954591365755,0.17591935754077598,0.35877336868752674,24.48,12.24,0.0,-0.8515579699087592,5118.981941616,0.3853157969997483,0.39,0.0,-0.9903931617736816,-1.0,1.0,0.0028820515144616365,0.0,0.6000000238418579,5118.937497568,5118.975442906
0.3661610120039926,0.17801561543736572,0.366731423385383,24.119999999999997,7.92,0.0,-0.5158543656727996,5118.98194728,0.38532146099987585,0.395,0.0,-0.9903931617736816,-1.0,1.0,0.0028820515144616365,0.0,0.6000000238418579,5118.937497568,5118.975442906
0.37397316052305407,0.16058999135929883,0.3741000642240716,23.759999999999998,3.78,0.0,-0.7752616962187684,5118.9819524,0.3853265810002995,0.4,8.522882461547852,1.0,-1.0,0.5647384524345398,0.6000000238418579,0.0,0.4694215655326843,5118.981972784,5118.995722338
0.3811158681599377,0.15291831991803798,0.3813733522796705,23.4,-0.18,0.0,-0.5311136204107978,5118.981957072,0.3853312530000039,0.405,8.522882461547852,1.0,-1.0,0.5647384524345398,0.6000000238418579,0.0,0.4694215655326843,5118.981972784,5118.995722338
0.3881782919940036,0.16143345730196715,0.3875395564854283,22.68,-3.78,0.0,-0.6684469130527813,5118.981962256,0.38533643699975073,0.41,8.522882461547852,1.0,-1.0,0.5647384524345398,0.6000000238418579,0.0,0.4694215655326843,5118.981972784,5118.995722338
0.39385951742572645,0.15115017966065714,0.3927457198913065,19.98,-3.06,0.0,-0.4395580919828088,5118.981965968,0.3853401489996031,0.415,8.522882461547852,1.0,-1.0,0.5647384524345398,0.6000000238418579,0.0,0.4694215655326843,5118.981972784,5118.995722338
0.39807876477474435,0.1543140463540801,0.3979540605847983,17.82,-1.44,0.0,-0.8210394604327629,5118.981969712,0.3853438930000266,0.42,20.0,0.38474249839782715,-0.3570759892463684,0.12463515251874924,0.4154227674007416,0.19287721812725067,0.3373905420303345,5118.981972784,5119.015725447
0.40251193135912733,0.15125826756054928,0.40264482803192214,15.479999999999999,0.0,0.0,-0.180150761436785,5118.981972784,0.38534696500028076,0.425,20.0,0.38474249839782715,-0.3570759892463684,0.12463515251874924,0.4154227674007416,0.19287721812725067,0.3373905420303345,5118.981972784,5119.015725447
0.4066838117313499,0.14121953046944768,0.40666021673272607,12.6,1.6199999999999999,0.0028820515144616365,-0.8973357341227537,5119.022989379,0.42636356000002706,0.43,20.0,0.38474249839782715,-0.3570759892463684,0.12463515251874924,0.4154227674007416,0.19287721812725067,0.3373905420303345,5118.981972784,5119.015725447
0.4106040809184723,0.13699924203193484,0.41045094194157394,10.08,2.6999999999999997,0.0028820515144616365,-0.4090395825068125,5119.023005796,0.42637997699966945,0.435,20.0,0.38474249839782715,-0.3570759892463684,0.12463515251874924,0.4154227674007416,0.19287721812725067,0.3373905420303345,5118.981972784,5119.015725447
0.4149754443281144,0.1272874599627623,0.41385110207406495,7.92,3.42,0.0028820515144616365,-0.6989654225287776,5119.02301114,0.4263853209995432,0.44,8.522882461547852,0.663612425327301,-1.0,1.0,0.4990837275981903,0.0,0.6000000238418579,5119.023034372,5119.03536385
0.4184590551293956,0.10679010595026085,0.4170432119760776,5.58,3.5999999999999996,0.0028820515144616365,-0.5311136204107978,5119.02301578,0.42638996099958604,0.445,8.522882461547852,0.663612425327301,-1.0,1.0,0.4990837275981903,0.0,0.6000000238418579,5119.023034372,5119.03536385
0.4202639218424577,0.08972061565823593,0.4203837806096994,3.42,3.2399999999999998,0.6000000238418579,-0.9125949888607519,5119.023019748,0.4263939289994596,0.45,8.522882461547852,0.663612425327301,-1.0,1.0,0.4990837275981903,0.0,0.6000000238418579,5119.023034372,5119.03536385
0.4198640551628529,0.09208578647065097,0.4234990865250606,1.6199999999999999,2.34,0.6000000238418579,-0.5158543656727996,5119.023024612,0.42639879299986205,0.455,8.522882461547852,0.663612425327301,-1.0,1.0,0.4990837275981903,0.0,0.6000000238418579,5119.023034372,5119.03536385
0.4195331802041784,0.08615793788721707,0.42625885439792277,0.18,4.5,0.6000000238418579,-2.316446424756638,5119.023029092,0.426403272999778,0.46,0.0,1.0,-1.0,1.0,0.6000000238418579,0.0,0.6000000238418579,5119.023034372,5119.056101525
0.41873080700745874,0.0751457468992165,0.43032601741434007,-0.8999999999999999,8.459999999999999,0.6000000238418579,-1.217780083620715,5119.023034372,0.42640855300032854,0.465,0.0,1.0,-1.0,1.0,0.6000000238418579,0.0,0.6000000238418579,5119.023034372,5119.056101525
0.41680590583663385,0.0731818915719763,0.4353819747100264,-1.44,10.44,0.4154227674007416,-0.5005951109348015,5119.066424235,0.46979841600023065,0.47,0.0,1.0,-1.0,1.0,0.6000000238418579,0.0,0.6000000238418579,5119.023034372,5119.056101525
0.4145757614682762,0.06056980324052059,0.43951301657191194,-1.26,10.799999999999999,0.4154227674007416,-0.5005951109348015,5119.066444427,0.4698186079995139,0.475,0.0,1.0,-1.0,1.0,0.6000000238418579,0.0,0.6000000238418579,5119.023034372,5119.056101525
0.40712925004750344,0.057392905032667765,0.44293231855354026,-0.72,9.719999999999999,0.4154227674007416,-0.9125949888607519,5119.066449739,0.46982391999972606,0.48,0.0,0.7447888851165771,1.0,-1.0,0.5234366655349731,0.6000000238418579,0.0,5119.066476075,5119.075233876
0.3902628077317928,0.0752773974290479,0.4443523870025964,0.36,7.56,0.4154227674007416,-0.39378032776881433,5119.066454219,0.469828399999642,0.485,0.0,0.7447888851165771,1.0,-1.0,0.5234366655349731,0.6000000238418579,0.0,5119.066476075,5119.075233876
0.3661033948532175,0.07907931967268761,0.44444260936872815,1.6199999999999999,4.859999999999999,0.4990837275981903,-0.8973357341227537,5119.066458539,0.4698327200003405,0.49,0.0,0.7447888851165771,1.0,-1.0,0.5234366655349731,0.6000000238418579,0.0,5119.066476075,5119.075233876
0.3382333549141472,0.07780099067857917,0.4425729798693807,3.06,1.6199999999999999,0.4990837275981903,-0.4090395825068125,5119.066463403,0.46983758399983344,0.495,0.0,0.7447888851165771,1.0,-1.0,0.5234366655349731,0.6000000238418579,0.0,5119.066476075,5119.075233876
0.30956135763497505,0.1004635243782927,0.4394949421534341,4.5,-1.6199999999999999,0.4990837275981903,-0.7294839320047739,5119.066467755,0.4698419360001935,0.5,0.0,-0.3712931275367737,0.9986321926116943,-1.0,0.18861207365989685,0.5995897054672241,0.0,5119.066476075,5119.095513244
0.2808736748970501,0.1147428825256415,0.4374310706688621,5.9399999999999995,-3.78,0.4990837275981903,-0.9583727530747463,5119.066471915,0.4698460959998556,0.505,0.0,-0.3712931275367737,0.9986321926116943,-1.0,0.18861207365989685,0.5995897054672241,0.0,5119.066476075,5119.095513244
0.2553693880621689,0.1328757772584912,0.4355256072586832,6.84,-3.2399999999999998,0.6000000238418579,-0.6379284035767849,5119.066476075,0.4698502559995177,0.51,0.0,-0.3712931275367737,0.9986321926116943,-1.0,0.18861207365989685,0.5995897054672241,0.0,5119.066476075,5119.095513244
0.23361015902510004,0.13624811284261235,0.4341017380507066,7.92,-2.88,0.6000000238418579,-0.7447431867427721,5119.107770337,0.5111445180000374,0.515,0.0,-0.3712931275367737,0.9986321926116943,-1.0,0.18861207365989685,0.5995897054672241,0.0,5119.066476075,5119.095513244
0.21479823588235408,0.15444166350324443,0.4334741262589274,9.0,-2.88,0.6000000238418579,-0.6684469130527813,5119.107791041,0.5111652220002725,0.52,0.0,-0.031185738742351532,-0.0006911829113960266,0.03240390866994858,0.2906442880630493,0.29979264736175537,0.3097212016582489,5119.107826305,5119.115367552
0.20149134985205583,0.1739301260268106,0.43294140047929663,10.26,-3.06,0.6000000238418579,-0.5311136204107978,5119.107797345,0.5111715259999983,0.525,0.0,-0.031185738742351532,-0.0006911829113960266,0.03240390866994858,0.2906442880630493,0.29979264736175537,0.3097212016582489,5119.107826305,5119.115367552
0.19205502972853972,0.19262309425191387,0.4330639615782365,11.52,-3.5999999999999996,0.5234366655349731,-0.7905209509567666,5119.107803649,0.511177829999724,0.53,0.0,-0.031185738742351532,-0.0006911829113960266,0.03240390866994858,0.2906442880630493,0.29979264736175537,0.3097212016582489,5119.107826305,5119.115367552
0.18264811500246753,0.2106414450353507,0.4332858428594723,12.6,-3.42,0.5234366655349731,-0.5005951109348015,5119.107808929,0.5111831100002746,0.535,0.0,-0.031185738742351532,-0.0006911829113960266,0.03240390866994858,0.2906442880630493,0.29979264736175537,0.3097212016582489,5119.107826305,5119.115367552
0.17020818696593992,0.22033988650537764,0.4341114292425426,13.86,-3.42,0.5234366655349731,-0.5005951109348015,5119.107815041,0.5111892220002119,0.54,0.0,-0.42349106073379517,0.13616439700126648,0.5901798009872437,0.17295268177986145,0.3408493399620056,0.4770539700984955,5119.107826305,5119.135283525
0.1568313172392705,0.23790973504812032,0.43680048771579044,15.12,-3.42,0.5234366655349731,-0.5768913846247923,5119.107822113,0.5111962940000012,0.545,0.0,-0.42349106073379517,0.13616439700126648,0.5901798009872437,0.17295268177986145,0.3408493399620056,0.4770539700984955,5119.107826305,5119.135283525
0.143370813926694,0.25885191536823987,0.4402648513643249,16.38,-3.42,0.18861207365989685,-0.47007660145880514,5119.107826305,0.5112004860002344,0.55,0.0,-0.42349106073379517,0.13616439700126648,0.5901798009872437,0.17295268177986145,0.3408493399620056,0.4770539700984955,5119.107826305,5119.135283525
0.12953905854297307,0.2792859831312688,0.44269028892040263,17.82,-3.5999999999999996,0.18861207365989685,-0.4853358561968033,5119.152265329,0.5556395100002192,0.555,0.0,-0.42349106073379517,0.13616439700126648,0.5901798009872437,0.17295268177986145,0.3408493399620056,0.4770539700984955,5119.107826305,5119.135283525
0.11742394482424727,0.2915470137098693,0.44200715304373017,19.259999999999998,-3.5999999999999996,0.18861207365989685,-0.6989654225287776,5119.152285905,0.555660085999989,0.56,0.0,-1.0,1.0,0.9925051331520081,0.0,0.6000000238418579,0.5977515578269958,5119.152319794,5119.155634701
0.11390889026853636,0.29753495973832184,0.44135635534655465,20.7,-3.5999999999999996,0.18861207365989685,-0.4395580919828088,5119.152291409,0.5556655899999896,0.565,0.0,-1.0,1.0,0.9925051331520081,0.0,0.6000000238418579,0.5977515578269958,5119.152319794,5119.155634701
0.11344500710046171,0.311625882394559,0.44172762170899954,22.32,-3.5999999999999996,0.2906442880630493,-0.7294839320047739,5119.152296465,0.5556706460001806,0.57,0.0,-1.0,1.0,0.9925051331520081,0.0,0.6000000238418579,0.5977515578269958,5119.152319794,5119.155634701
0.11598185489572566,0.32893639835385025,0.4396893577263207,23.759999999999998,-3.5999999999999996,0.2906442880630493,-0.5768913846247923,5119.152300433,0.5556746140000541,0.575,0.0,-1.0,1.0,0.9925051331520081,0.0,0.6000000238418579,0.5977515578269958,5119.152319794,5119.155634701
0.1256740175076313,0.3327908099203632,0.4361114355603287,25.38,-3.42,0.2906442880630493,-0.8057802056947647,5119.152305073,0.555679254000097,0.58,0.0,-0.5794312357902527,1.0,1.0,0.12617063522338867,0.6000000238418579,0.6000000238418579,5119.152319794,5119.175488465
0.14352558738509255,0.3313979791155542,0.42972386089307946,27.0,-3.42,0.2906442880630493,-0.5921506393627904,5119.15231029,0.5556844709999496,0.585,0.0,-0.5794312357902527,1.0,1.0,0.12617063522338867,0.6000000238418579,0.6000000238418579,5119.152319794,5119.175488465
0.1596082027290148,0.33044647512148956,0.41741856023403817,28.619999999999997,-3.42,0.17295268177986145,-0.8057802056947647,5119.152315058,0.5556892389995483,0.59,0.0,-0.5794312357902527,1.0,1.0,0.12617063522338867,0.6000000238418579,0.6000000238418579,5119.152319794,5119.175488465
0.17319611933269397,0.33500472407022613,0.4006721410938846,30.24,-3.2399999999999998,0.17295268177986145,-0.3327433088168217,5119.152319794,0.5556939749994854,0.595,0.0,-0.5794312357902527,1.0,1.0,0.12617063522338867,0.6000000238418579,0.6000000238418579,5119.152319794,5119.175488465
0.1911091673888837,0.3341438486778843,0.38447019925977033,31.68,-3.2399999999999998,0.17295268177986145,-0.7752616962187684,5119.193116995,0.5964911760001996,0.6,0.0,-1.0,1.0,0.410186767578125,0.0,0.6000000238418579,0.423056036233902,5119.193187684,5119.195319893
0.20518157706301005,0.33591483255136495,0.3699472680426914,33.12,-2.88,0.17295268177986145,-0.363261818292818,5119.193138883,0.5965130639997369,0.605,0.0,-1.0,1.0,0.410186767578125,0.0,0.6000000238418579,0.423056036233902,5119.193187684,5119.195319893
0.21640886828328534,0.3328322962642343,0.3573149121310473,34.199999999999996,-2.6999999999999997,0.0,-0.7294839320047739,5119.193147491,0.5965216719996533,0.61,0.0,-1.0,1.0,0.410186767578125,0.0,0.6000000238418579,0.423056036233902,5119.193187684,5119.195319893
0.2277832261071294,0.3267309696879337,0.3484497635794085,35.46,-2.16,0.0,-0.5005951109348015,5119.193154852,0.5965290329995696,0.615,0.0,-1.0,1.0,0.410186767578125,0.0,0.6000000238418579,0.423056036233902,5119.193187684,5119.195319893
0.2365694886156222,0.3259777128765561,0.3427635102560318,36.36,-1.6199999999999999,0.0,-0.4853358561968033,5119.193161412,0.5965355930002261,0.62,0.0,-1.0,1.0,0.9992967247962952,0.0,0.6000000238418579,0.599789023399353,5119.193187684,5119.215554909
0.24338424978602177,0.3273868759349083,0.34050532792385374,37.26,-0.8999999999999999,0.0,-0.4395580919828088,5119.193168388,0.5965425690001211,0.625,0.0,-1.0,1.0,0.9992967247962952,0.0,0.6000000238418579,0.599789023399353,5119.193187684,5119.215554909
0.25294463649876403,0.32075558034431395,0.33914350018027223,37.98,-0.18,0.12617063522338867,-0.7294839320047739,5119.193175364,0.5965495450000162,0.63,0.0,-1.0,1.0,0.9992967247962952,0.0,0.6000000238418579,0.599789023399353,5119.193187684,5119.215554909
0.26015900348016263,0.3281522830666042,0.33876681278190307,38.519999999999996,0.72,0.12617063522338867,-0.4090395825068125,5119.19318122,0.5965554009999323,0.635,0.0,-1.0,1.0,0.9992967247962952,0.0,0.6000000238418579,0.599789023399353,5119.193187684,5119.215554909
0.2658369057522262,0.3242205205458128,0.34002145103201975,38.879999999999995,1.7999999999999998,0.12617063522338867,-0.92785424359875,5119.193187684,0.596561864999785,0.64,0.0,-1.0,1.0,1.0,0.0,0.6000000238418579,0.6000000238418579,5119.193187684,5119.235235392
0.2751381807986257,0.3191438193038099,0.34147575187945717,39.059999999999995,3.06,0.12617063522338867,-0.14963225196078866,5119.23743589,0.6408100709995779,0.645,0.0,-1.0,1.0,1.0,0.0,0.6000000238418579,0.6000000238418579,5119.193187684,5119.235235392
0.29049847983618476,0.30987456777897815,0.34140501958078123,39.059999999999995,4.32,0.0,-0.7142246772667757,5119.237451634,0.6408258149995163,0.65,0.0,-1.0,1.0,1.0,0.0,0.6000000238418579,0.6000000238418579,5119.193187684,5119.235235392
0.30308034235953685,0.30292721346799256,0.3435200317896535,39.059999999999995,5.76,0.0,-0.5158543656727996,5119.237458546,0.6408327270000882,0.655,0.0,-1.0,1.0,1.0,0.0,0.6000000238418579,0.6000000238418579,5119.193187684,5119.235235392
0.3157054315326177,0.291915835979131,0.35107784743511583,38.879999999999995,6.84,0.0,-0.5921506393627904,5119.237463698,0.6408378790001734,0.66,0.0,-1.0,1.0,1.0,0.0,0.6000000238418579,0.6000000238418579,5119.237486482,5119.255659145
0.3298904208962078,0.2658124848194347,0.36021057761192615,38.519999999999996,7.92,0.0,-0.2411877803888327,5119.23746949,0.6408436709998568,0.665,0.0,-1.0,1.0,1.0,0.0,0.6000000238418579,0.6000000238418579,5119.237486482,5119.255659145
0.3426108662894101,0.2576272723994996,0.3688321027344044,37.98,8.82,0.0,-0.6379284035767849,5119.237475378,0.640849559000344,0.67,0.0,-1.0,1.0,1.0,0.0,0.6000000238418579,0.6000000238418579,5119.237486482,5119.255659145
0.3536296055541034,0.24663932003755334,0.3787136586845302,37.62,9.18,0.0,-0.2869655446028272,5119.23748117,0.6408553510000274,0.675,0.0,-1.0,1.0,1.0,0.0,0.6000000238418579,0.6000000238418579,5119.237486482,5119.255659145
0.365755913955889,0.24184711707814083,0.38769695997652986,37.26,9.0,0.0,-0.6989654225287776,5119.237486482,0.6408606630002396,0.68,0.0,-1.0,-0.5343974232673645,1.0,0.0,0.13968077301979065,0.6000000238418579,5119.237486482,5119.275269643
0.37589296400358946,0.23804799523985914,0.3946538999186976,36.72,8.64,0.0,-0.2869655446028272,5119.280690264,0.684064445000331,0.685,0.0,-1.0,-0.5343974232673645,1.0,0.0,0.13968077301979065,0.6000000238418579,5119.237486482,5119.275269643
0.3839358046026963,0.21560527741501645,0.4003816305496735,36.0,7.92,0.0,-0.6226691488387868,5119.28070844,0.6840826210000159,0.69,0.0,-1.0,-0.5343974232673645,1.0,0.0,0.13968077301979065,0.6000000238418579,5119.237486482,5119.275269643
0.3928701269895131,0.19787700500397978,0.40386037021838156,35.28,7.02,0.0,-0.6226691488387868,5119.280716664,0.6840908449994458,0.695,0.0,-1.0,-0.5343974232673645,1.0,0.0,0.13968077301979065,0.6000000238418579,5119.237486482,5119.275269643
0.4001123822626299,0.16697524407491818,0.4067165126195848,34.379999999999995,6.12,0.0,-0.7447431867427721,5119.280723512,0.6840976929997851,0.7,0.0,-1.0,-0.5343974232673645,1.0,0.0,0.13968077301979065,0.6000000238418579,5119.237486482,5119.275269643
0.40649363619966017,0.15545386284886475,0.41060776651503994,33.3,5.04,0.0,-0.27170628986482903,5119.280730648,0.6841048289998071,0.705,0.0,0.3497254252433777,-1.0,1.0,0.4049176573753357,0.0,0.6000000238418579,5119.280757784,5119.295199728
0.4133260328030615,0.14234728737560068,0.4147504789996292,32.04,3.78,0.0,-0.8973357341227537,5119.2807382,0.6841123809999772,0.71,0.0,0.3497254252433777,-1.0,1.0,0.4049176573753357,0.0,0.6000000238418579,5119.280757784,5119.295199728
0.4188798678232195,0.11785286995924206,0.4184554986253834,30.599999999999998,2.52,0.0,-0.5616321298867941,5119.2807454,0.6841195810002318,0.715,0.0,0.3497254252433777,-1.0,1.0,0.4049176573753357,0.0,0.6000000238418579,5119.280757784,5119.295199728
0.4226263964518149,0.1038984955051797,0.4228512791433052,29.16,1.26,0.0,-0.7447431867427721,5119.280751608,0.6841257890000634,0.72,8.522882461547852,1.0,-0.8987228274345398,-1.0,0.6000000238418579,0.03038315288722515,0.0,5119.280757784,5119.315435991
0.4264396935414151,0.09148888639148653,0.427924697876813,27.36,0.0,0.0,-0.4090395825068125,5119.280757784,0.6841319650002333,0.725,8.522882461547852,1.0,-0.8987228274345398,-1.0,0.6000000238418579,0.03038315288722515,0.0,5119.280757784,5119.315435991
0.4305234128637033,0.07319065457126975,0.4314652280692872,25.56,-1.44,0.0,-0.7600024414807702,5119.321909101,0.7252832819995092,0.73,8.522882461547852,1.0,-0.8987228274345398,-1.0,0.6000000238418579,0.03038315288722515,0.0,5119.280757784,5119.315435991
0.4337390877443125,0.07444938488192679,0.43499715126374483,23.58,-2.6999999999999997,0.0,-0.4395580919828088,5119.321921613,0.725295793999976,0.735,8.522882461547852,1.0,-0.8987228274345398,-1.0,0.6000000238418579,0.03038315288722515,0.0,5119.280757784,5119.315435991
0.4371726462461236,0.05420328519176814,0.43886261252272285,21.24,-3.78,0.0,-0.6989654225287776,5119.321925805,0.7252999860002092,0.74,20.0,1.0,-1.0,0.9532439112663269,0.6000000238418579,0.0,0.5859732031822205,5119.321977773,5119.335044634
0.44022659538320097,0.0530345217231023,0.4430541347536832,18.36,-3.2399999999999998,0.0,-0.6531876583147831,5119.321962701,0.7253368820001924,0.745,20.0,1.0,-1.0,0.9532439112663269,0.6000000238418579,0.0,0.5859732031822205,5119.321977773,5119.335044634
0.4418899417987778,0.02328295397846752,0.4470629623132428,15.66,-3.06,0.4049176573753357,-0.5921506393627904,5119.321967629,0.725341809999918,0.75,20.0,1.0,-1.0,0.9532439112663269,0.6000000238418579,0.0,0.5859732031822205,5119.321977773,5119.335044634
0.4413355517382535,0.018181056121351315,0.4510504289447258,12.78,-3.2399999999999998,0.4049176573753357,-0.6226691488387868,5119.321971149,0.7253453299999819,0.755,20.0,1.0,-1.0,0.9532439112663269,0.6000000238418579,0.0,0.5859732031822205,5119.321977773,5119.335044634
0.44047483474648286,0.022527095319803788,0.45381979874859896,10.08,-3.5999999999999996,0.4049176573753357,-0.6837061677907794,5119.321974829,0.7253490100001727,0.76,8.522882461547852,0.025476627051830292,-1.0,1.0,0.30764299631118774,0.0,0.6000000238418579,5119.321977773,5119.355566371
0.4391980568421701,0.015474778581982365,0.45700998519670993,7.02,-3.5999999999999996,0.4049176573753357,-0.5616321298867941,5119.321977773,0.7253519539999616,0.765,8.522882461547852,0.025476627051830292,-1.0,1.0,0.30764299631118774,0.0,0.6000000238418579,5119.321977773,5119.355566371
0.4379564418982496,0.02092607315572778,0.4594343861581949,3.96,-2.16,0.6000000238418579,26.493026520584728,5119.366502974,0.769877154999449,0.77,8.522882461547852,0.025476627051830292,-1.0,1.0,0.30764299631118774,0.0,0.6000000238418579,5119.321977773,5119.355566371
0.4358944635874414,0.01145598635939994,0.46338526219474474,1.44,4.14,0.6000000238418579,1.1168858912930588,5119.366522526,0.7698967070000435,0.775,8.522882461547852,0.025476627051830292,-1.0,1.0,0.30764299631118774,0.0,0.6000000238418579,5119.321977773,5119.355566371
0.4348868014784209,0.03023498848970483,0.4684615764467932,-0.54,8.459999999999999,0.6000000238418579,-1.0804467909787316,5119.366531582,0.7699057629997696,0.78,0.0,0.9165008068084717,-0.8239436745643616,1.0,0.5749502778053284,0.05281690135598183,0.6000000238418579,5119.366574014,5119.375299879
0.4318786686983674,0.02378042550011035,0.4738149251514599,-1.6199999999999999,10.08,0.6000000238418579,-0.8057802056947647,5119.36653891,0.7699130909995802,0.785,0.0,0.9165008068084717,-0.8239436745643616,1.0,0.5749502778053284,0.05281690135598183,0.6000000238418579,5119.366574014,5119.375299879
0.42255511862411865,0.024560466669600708,0.47758194614484234,-1.7999999999999998,9.36,0.6000000238418579,-1.2635578478347096,5119.36654643,0.7699206110000887,0.79,0.0,0.9165008068084717,-0.8239436745643616,1.0,0.5749502778053284,0.05281690135598183,0.6000000238418579,5119.366574014,5119.375299879
0.4056864692557936,0.05421034668665491,0.4783909271017157,-1.08,6.66,0.6000000238418579,-0.5768913846247923,5119.366554238,0.76992841900028,0.795,0.0,0.9165008068084717,-0.8239436745643616,1.0,0.5749502778053284,0.05281690135598183,0.6000000238418579,5119.366574014,5119.375299879
0.38681157805003147,0.06973086117864924,0.4757170742155467,-0.0,4.14,0.6000000238418579,10.333475753044226,5119.366561022,0.769935202999477,0.8,0.0,1.0,1.0,0.7582138180732727,0.6000000238418579,0.6000000238418579,0.5274641513824463,5119.366574014,5119.395676335
0.36514323405984006,0.08823495086565472,0.473541473090487,1.6199999999999999,3.42,0.6000000238418579,2.8869594409009025,5119.366567454,0.7699416349996682,0.805,0.0,1.0,1.0,0.7582138180732727,0.6000000238418579,0.6000000238418579,0.5274641513824463,5119.366574014,5119.395676335
0.34556821152228134,0.11686051904446407,0.4714989156363391,3.5999999999999996,1.7999999999999998,0.30764299631118774,-0.19541001617478315,5119.366574014,0.7699481950003246,0.81,0.0,1.0,1.0,0.7582138180732727,0.6000000238418579,0.6000000238418579,0.5274641513824463,5119.366574014,5119.395676335
0.328621400593843,0.1320331077111167,0.46793716606468827,5.76,-0.72,0.30764299631118774,-0.39378032776881433,5119.407977077,0.8113512580002862,0.815,0.0,1.0,1.0,0.7582138180732727,0.6000000238418579,0.6000000238418579,0.5274641513824463,5119.366574014,5119.395676335
0.31188431066209243,0.14919650485092242,0.46580283221380003,8.1,-3.42,0.30764299631118774,-0.8515579699087592,5119.408041366,0.8114155470002515,0.82,0.0,1.0,1.0,0.7582138180732727,0.6000000238418579,0.6000000238418579,0.5274641513824463,5119.366574014,5119.395676335
0.2920740496956047,0.16178426197528248,0.4645262683933774,9.18,-3.42,0.30764299631118774,-0.4395580919828088,5119.408055766,0.8114299469998514,0.825,0.0,-1.0,1.0,-0.40387001633644104,0.0,0.6000000238418579,0.17883901298046112,5119.408097398,5119.415525108
0.2714111675390208,0.18349905121835863,0.4626794948209746,10.62,-2.34,0.5749502778053284,-1.0346690267647372,5119.408065174,0.8114393549994929,0.83,0.0,-1.0,1.0,-0.40387001633644104,0.0,0.6000000238418579,0.17883901298046112,5119.408097398,5119.415525108
0.24831829745931128,0.19113323464833454,0.46282049012191134,12.24,-2.16,0.5749502778053284,-0.6684469130527813,5119.408072566,0.8114467469995361,0.835,0.0,-1.0,1.0,-0.40387001633644104,0.0,0.6000000238418579,0.17883901298046112,5119.408097398,5119.415525108
0.2261898853740335,0.2014580371428215,0.46271733022572914,13.68,-2.34,0.5749502778053284,-0.7447431867427721,5119.408081142,0.811455322999791,0.84,0.0,-1.0,1.0,0.892565131187439,0.0,0.6000000238418579,0.5677695870399475,5119.408097398,5119.436320448
0.20354281574563887,0.2212744210730677,0.46271041707818766,15.66,-3.42,0.5749502778053284,-0.9125949888607519,5119.408088694,0.8114628749999611,0.845,0.0,-1.0,1.0,0.892565131187439,0.0,0.6000000238418579,0.5677695870399475,5119.408097398,5119.436320448
0.18323913763952665,0.23366685569676232,0.46231720104899465,17.099999999999998,-3.5999999999999996,0.6000000238418579,-1.3551133762626986,5119.408097398,0.8114715789997717,0.85,0.0,-1.0,1.0,0.892565131187439,0.0,0.6000000238418579,0.5677695870399475,5119.408097398,5119.436320448
0.16343425441857862,0.251161632757806,0.4617548319248584,18.72,-3.42,0.6000000238418579,-0.2411877803888327,5119.451953889,0.855328069999814,0.855,0.0,-1.0,1.0,0.892565131187439,0.0,0.6000000238418579,0.5677695870399475,5119.408097398,5119.436320448
0.14690098442579194,0.26760898361514174,0.4614784144235158,20.34,-3.5999999999999996,0.6000000238418579,-0.6226691488387868,5119.451980193,0.8553543739999441,0.86,0.0,-1.0,1.0,0.1443270444869995,0.0,0.6000000238418579,0.34329813718795776,5119.452073218,5119.455800481
0.128615107827202,0.26817575368073465,0.4618351975361095,21.599999999999998,-3.42,0.6000000238418579,-0.5005951109348015,5119.451991425,0.855365606000305,0.865,0.0,-1.0,1.0,0.1443270444869995,0.0,0.6000000238418579,0.34329813718795776,5119.452073218,5119.455800481
0.11495238381082556,0.27442469924364854,0.4616905412867341,23.22,-3.5999999999999996,0.0,-0.8515579699087592,5119.451998945,0.855373125999904,0.87,0.0,-1.0,1.0,0.1443270444869995,0.0,0.6000000238418579,0.34329813718795776,5119.452073218,5119.455800481
0.0996278526269375,0.2878327228518836,0.4614628024379873,24.84,-3.5999999999999996,0.0,-0.42429883724481066,5119.452041474,0.8554156549998879,0.875,0.0,-1.0,1.0,0.1443270444869995,0.0,0.6000000238418579,0.34329813718795776,5119.452073218,5119.455800481
0.09745536103735138,0.30717578509727084,0.4616948247573391,26.459999999999997,-3.5999999999999996,0.0,-0.7294839320047739,5119.45205053,0.855424710999614,0.88,0.0,-1.0,1.0,0.5755008459091187,0.0,0.6000000238418579,0.4726502597332001,5119.452073218,5119.475857575
0.09797025437558615,0.32116584064309156,0.4608732315007228,27.9,-3.5999999999999996,0.0,1.223700674459046,5119.452058594,0.8554327749998265,0.885,0.0,-1.0,1.0,0.5755008459091187,0.0,0.6000000238418579,0.4726502597332001,5119.452073218,5119.475857575
0.0940021243346342,0.3466603226064931,0.46011857383773896,29.7,-3.5999999999999996,0.0,-0.7600024414807702,5119.452065986,0.8554401669998697,0.89,0.0,-1.0,1.0,0.5755008459091187,0.0,0.6000000238418579,0.4726502597332001,5119.452073218,5119.475857575
0.10469650115637692,0.36956544582376233,0.4590382824297824,31.32,-3.5999999999999996,0.0,-0.7447431867427721,5119.452073218,0.855447398999786,0.895,0.0,-1.0,1.0,0.5755008459091187,0.0,0.6000000238418579,0.4726502597332001,5119.452073218,5119.475857575
0.11699256328699165,0.36874522555691025,0.4584112152271622,32.76,-3.5999999999999996,0.0,-0.6379284035767849,5119.493328695,0.8967028759998357,0.9,0.0,-1.0,1.0,1.0,0.0,0.6000000238418579,0.6000000238418579,5119.493409752,5119.495752139
0.13074065171453186,0.3609449973629135,0.4578376125601168,34.379999999999995,-3.5999999999999996,0.0,-0.27170628986482903,5119.493357528,0.8967317090000506,0.905,0.0,-1.0,1.0,1.0,0.0,0.6000000238418579,0.6000000238418579,5119.493409752,5119.495752139
0.153584726360935,0.36189653443664216,0.4561794450307231,36.0,-3.5999999999999996,0.0,-0.7447431867427721,5119.493368376,0.896742556999925,0.91,0.0,-1.0,1.0,1.0,0.0,0.6000000238418579,0.6000000238418579,5119.493409752,5119.495752139
0.16981187147653476,0.3622325148969061,0.4544917402740169,37.44,-3.5999999999999996,0.0,-0.34800256355481984,5119.493377592,0.896751772999778,0.915,0.0,-1.0,1.0,1.0,0.0,0.6000000238418579,0.6000000238418579,5119.493409752,5119.495752139
0.18902618954181527,0.35148578638262706,0.4535161001378791,38.879999999999995,-3.5999999999999996,0.0,-0.47007660145880514,5119.493385848,0.896760028999779,0.92,0.0,-1.0,-0.9862180948257446,1.0,0.0,0.004134571645408869,0.6000000238418579,5119.493409752,5119.515973715
0.2049368117303281,0.3475688936536548,0.45287328779884106,40.14,-3.42,0.0,-0.8973357341227537,5119.493394296,0.8967684769995685,0.925,0.0,-1.0,-0.9862180948257446,1.0,0.0,0.004134571645408869,0.6000000238418579,5119.493409752,5119.515973715
0.21931669740869797,0.3392425734182526,0.4527419236301819,41.4,-3.42,0.0,-0.4395580919828088,5119.4934022,0.8967763809996541,0.93,0.0,-1.0,-0.9862180948257446,1.0,0.0,0.004134571645408869,0.6000000238418579,5119.493409752,5119.515973715
0.23711167947216188,0.3178352475500697,0.452164430698504,42.48,-3.42,0.0,-0.5768913846247923,5119.493409752,0.8967839329998242,0.935,0.0,-1.0,-0.9862180948257446,1.0,0.0,0.004134571645408869,0.6000000238418579,5119.493409752,5119.515973715
0.25228451457449796,0.30302939999151035,0.45086358238908336,43.379999999999995,-3.42,0.0,-0.5616321298867941,5119.537196226,0.9405704069995409,0.94,0.0,-1.0,-0.9862180948257446,1.0,0.0,0.004134571645408869,0.6000000238418579,5119.493409752,5119.515973715
0.2656444888553898,0.26921705793173434,0.4475293497719186,44.28,-3.42,0.0,-0.22592852565083454,5119.537216002,0.9405901829995855,0.945,8.522882461547852,0.9961814880371094,-1.0,-0.36777418851852417,0.5988544821739197,0.0,0.189667746424675,5119.493409752,5119.535817751
0.28132939238822563,0.24988101320817416,0.4446815704216454,44.82,-3.42,0.0,-0.7294839320047739,5119.537225219,0.9405993999998827,0.95,8.522882461547852,0.9961814880371094,-1.0,-0.36777418851852417,0.5988544821739197,0.0,0.189667746424675,5119.493409752,5119.535817751
0.2959090129589322,0.22297382851178693,0.4424584380572646,45.36,-3.42,0.0,-0.5921506393627904,5119.537232259,0.9406064400000105,0.955,8.522882461547852,0.9961814880371094,-1.0,-0.36777418851852417,0.5988544821739197,0.0,0.189667746424675,5119.493409752,5119.535817751
0.3077526800624556,0.20789015217456616,0.44093689145966125,45.54,-3.42,0.0,-0.6531876583147831,5119.537238531,0.9406127120000747,0.96,20.0,0.7149429321289062,-0.7334580421447754,-1.0,0.5144829154014587,0.0799625888466835,0.0,5119.537265027,5119.55597571
0.321679143714742,0.18114989730708805,0.43944652920684363,45.54,-3.2399999999999998,0.0,-0.5311136204107978,5119.537245859,0.9406200399998852,0.965,20.0,0.7149429321289062,-0.7334580421447754,-1.0,0.5144829154014587,0.0799625888466835,0.0,5119.537265027,5119.55597571
0.33508868158163974,0.1539655848457863,0.4387949528658167,45.36,-3.2399999999999998,0.0,-0.8820764793847555,5119.537252355,0.940626536000309,0.97,20.0,0.7149429321289062,-0.7334580421447754,-1.0,0.5144829154014587,0.0799625888466835,0.0,5119.537265027,5119.55597571
0.3454180173266974,0.14075528933850648,0.4389324965604131,45.0,-3.06,0.0,-0.5311136204107978,5119.537258691,0.9406328719996964,0.975,20.0,0.7149429321289062,-0.7334580421447754,-1.0,0.5144829154014587,0.0799625888466835,0.0,5119.537265027,5119.55597571
0.35655883474147865,0.1245778932857014,0.43887930664312663,44.28,-2.88,0.0,-0.5921506393627904,5119.537265027,0.9406392079999932,0.98,8.522882461547852,-0.5492767095565796,-1.0,1.0,0.13521699607372284,0.0,0.6000000238418579,5119.537265027,5119.575816546
0.3686033791601394,0.1115076210290528,0.4384418551010291,43.379999999999995,-2.88,0.0,-0.2411877803888327,5119.578038356,0.9814125370003239,0.985,8.522882461547852,-0.5492767095565796,-1.0,1.0,0.13521699607372284,0.0,0.6000000238418579,5119.537265027,5119.575816546
0.375864870186712,0.08749268040039497,0.439243813055412,42.3,-2.6999999999999997,0.5988544821739197,-0.37852107303081617,5119.578058548,0.9814327289996072,0.99,8.522882461547852,-0.5492767095565796,-1.0,1.0,0.13521699607372284,0.0,0.6000000238418579,5119.537265027,5119.575816546
0.3772149810415786,0.08313211443598136,0.4394246001983432,41.22,-2.6999999999999997,0.5988544821739197,-0.47007660145880514,5119.578068149,0.9814423299994814,0.995,8.522882461547852,-0.5492767095565796,-1.0,1.0,0.13521699607372284,0.0,0.6000000238418579,5119.537265027,5119.575816546
0.3773367265707817,0.07557095351707407,0.43925643178353446,39.78,-2.88,0.5988544821739197,-0.6837061677907794,5119.578076533,0.9814507139999478,1.0,0.0,1.0,-1.0,1.0,0.6000000238418579,0.0,0.6000000238418579,5119.578111541,5119.59569303
0.37548625899124155,0.05825375569567086,0.44034354699066897,38.16,-3.06,0.5988544821739197,-0.21066927091278131,5119.578087733,0.9814619139997376,1.005,0.0,1.0,-1.0,1.0,0.6000000238418579,0.0,0.6000000238418579,5119.578111541,5119.59569303
0.3720868592662633,0.044334656804026595,0.440839685388824,36.54,-3.42,0.5144829154014587,-0.7294839320047739,5119.578095925,0.9814701059995059,1.01,0.0,1.0,-1.0,1.0,0.6000000238418579,0.0,0.6000000238418579,5119.578111541,5119.59569303
0.3692612022836521,0.0640159739956756,0.4399221388139243,34.56,-3.42,0.5144829154014587,-0.6226691488387868,5119.578104213,0.981478394000078,1.015,0.0,1.0,-1.0,1.0,0.6000000238418579,0.0,0.6000000238418579,5119.578111541,5119.59569303
0.36300911659823093,0.06503657490299314,0.4391074303066619,32.58,-3.42,0.5144829154014587,-0.4395580919828088,5119.578111541,0.9814857219998885,1.02,0.0,1.0,-0.7740849852561951,-0.6203495264053345,0.6000000238418579,0.06777450442314148,0.11389514803886414,5119.578111541,5119.615507114
0.34889862535701616,0.060481366438788604,0.43800757961910425,30.599999999999998,-3.42,0.5144829154014587,-0.47007660145880514,5119.622268418,1.0256425990000935,1.025,0.0,1.0,-0.7740849852561951,-0.6203495264053345,0.6000000238418579,0.06777450442314148,0.11389514803886414,5119.578111541,5119.615507114
0.32753362243077616,0.08127230345031834,0.4376314479796989,28.439999999999998,-3.42,0.13521699607372284,-0.7447431867427721,5119.62229517,1.0256693510000332,1.03,0.0,1.0,-0.7740849852561951,-0.6203495264053345,0.6000000238418579,0.06777450442314148,0.11389514803886414,5119.578111541,5119.615507114
0.3031041387161683,0.11153401887296027,0.43531366208814914,26.279999999999998,-3.42,0.13521699607372284,-0.363261818292818,5119.622304899,1.0256790799994633,1.035,0.0,1.0,-0.7740849852561951,-0.6203495264053345,0.6000000238418579,0.06777450442314148,0.11389514803886414,5119.578111541,5119.615507114
0.27650615637311954,0.12967088365209856,0.4248570562268188,23.939999999999998,-3.42,0.13521699607372284,-0.8515579699087592,5119.622312835,1.02568701600012,1.04,0.0,1.0,-1.0,0.5126832723617554,0.6000000238418579,0.0,0.45380499958992004,5119.622349379,5119.635579184
0.2505410315747155,0.1374687529982779,0.4123177793324302,21.599999999999998,-3.42,0.13521699607372284,-0.16489150669878683,5119.622319683,1.0256938639995496,1.045,0.0,1.0,-1.0,0.5126832723617554,0.6000000238418579,0.0,0.45380499958992004,5119.622349379,5119.635579184
0.22497920578204056,0.16581114379803616,0.39957370067899184,19.259999999999998,-3.42,0.6000000238418579,-0.6379284035767849,5119.622326915,1.025701095999466,1.05,0.0,1.0,-1.0,0.5126832723617554,0.6000000238418579,0.0,0.45380499958992004,5119.622349379,5119.635579184
0.2014106976695774,0.18032354441501433,0.3875696958982575,16.74,-3.42,0.6000000238418579,-0.34800256355481984,5119.622334467,1.025708647999636,1.055,0.0,1.0,-1.0,0.5126832723617554,0.6000000238418579,0.0,0.45380499958992004,5119.622349379,5119.635579184
0.1788776216449476,0.177561104427739,0.377817858171161,14.399999999999999,-3.42,0.6000000238418579,-0.7752616962187684,5119.622342147,1.0257163280002715,1.06,0.0,1.0,-1.0,-0.39621439576148987,0.6000000238418579,0.0,0.18113569915294647,5119.622349379,5119.655290996
0.158952218633489,0.18719938433758662,0.3713926462426061,12.059999999999999,-3.42,0.6000000238418579,-0.5921506393627904,5119.622349379,1.0257235600001877,1.065,0.0,1.0,-1.0,-0.39621439576148987,0.6000000238418579,0.0,0.18113569915294647,5119.622349379,5119.655290996
0.13932058862877242,0.19220738968104958,0.36946455961656216,9.719999999999999,-3.42,0.6000000238418579,-0.39378032776881433,5119.666115821,1.0694900019998386,1.07,0.0,1.0,-1.0,-0.39621439576148987,0.6000000238418579,0.0,0.18113569915294647,5119.622349379,5119.655290996
0.12555097276131244,0.18580315283376703,0.36861130788244906,7.38,-3.42,0.6000000238418579,-0.37852107303081617,5119.666139085,1.0695132660002855,1.075,0.0,1.0,-1.0,-0.39621439576148987,0.6000000238418579,0.0,0.18113569915294647,5119.622349379,5119.655290996
0.11029545289505432,0.2065984170839183,0.36763761897555847,5.58,-3.5999999999999996,0.6000000238418579,24.570360423596902,5119.666148205,1.0695223860002443,1.08,0.0,1.0,-1.0,-0.06859123706817627,0.6000000238418579,0.0,0.2794226408004761,5119.666193998,5119.675736509
0.08727328164002447,0.22251099010560413,0.36874578028459826,3.96,0.54,0.6000000238418579,-1.0041505172887408,5119.666155565,1.0695297459997164,1.085,0.0,1.0,-1.0,-0.06859123706817627,0.6000000238418579,0.0,0.2794226408004761,5119.666193998,5119.675736509
0.08270028955893968,0.23392424917375898,0.37071666804366804,3.06,3.42,0.6000000238418579,-0.7294839320047739,5119.666163021,1.0695372019999922,1.09,0.0,1.0,-1.0,-0.06859123706817627,0.6000000238418579,0.0,0.2794226408004761,5119.666193998,5119.675736509
0.08054474496282836,0.25331758004567956,0.37176862934521104,2.88,5.04,0.6000000238418579,-0.4853358561968033,5119.66617195,1.0695461309996972,1.095,0.0,1.0,-1.0,-0.06859123706817627,0.6000000238418579,0.0,0.2794226408004761,5119.666193998,5119.675736509
0.06937744662522485,0.27452660671595586,0.37201359954488583,3.5999999999999996,5.22,0.6000000238418579,-0.8515579699087592,5119.666179886,1.0695540669994443,1.1,0.0,1.0,-1.0,-0.03082745149731636,0.6000000238418579,0.0,0.29075178503990173,5119.666193998,5119.695633665
0.06344424766363743,0.2891043060140485,0.3722990628748885,5.04,3.96,0.6000000238418579,-0.3327433088168217,5119.666186734,1.0695609149997836,1.105,0.0,1.0,-1.0,-0.03082745149731636,0.6000000238418579,0.0,0.29075178503990173,5119.666193998,5119.695633665
0.04886007351419618,0.2958661392936614,0.37208254356405374,7.199999999999999,1.6199999999999999,0.6000000238418579,-0.836298715170761,5119.666193998,1.069568179000271,1.11,0.0,1.0,-1.0,-0.03082745149731636,0.6000000238418579,0.0,0.29075178503990173,5119.666193998,5119.695633665
0.04390621306648566,0.31746124295218187,0.37200483985393257,9.9,-1.6199999999999999,0.6000000238418579,-0.6531876583147831,5119.70780167,1.1111758509996434,1.115,0.0,1.0,-1.0,-0.03082745149731636,0.6000000238418579,0.0,0.29075178503990173,5119.666193998,5119.695633665
0.03398149859575692,0.3303850387419896,0.3719494935633174,12.6,-4.32,0.6000000238418579,-0.6379284035767849,5119.707825094,1.1111992750002173,1.12,0.0,-1.0,1.0,-1.0,0.0,0.6000000238418579,0.0,5119.707872199,5119.7153049
0.02488442639582592,0.34592782560341995,0.371455238750416,14.04,-3.06,0.6000000238418579,-0.21066927091278131,5119.70783463,1.1112088110003242,1.125,0.0,-1.0,1.0,-1.0,0.0,0.6000000238418579,0.0,5119.707872199,5119.7153049
0.026109855722219123,0.3667168281250357,0.3713147053885179,16.2,-1.98,0.6000000238418579,-1.2482985930967114,5119.707842022,1.111216202999458,1.13,0.0,-1.0,1.0,-1.0,0.0,0.6000000238418579,0.0,5119.707872199,5119.7153049
0.016341129549555113,0.3792350156188425,0.3711374402493638,19.08,-1.98,0.6000000238418579,-0.6684469130527813,5119.707849414,1.111223594999501,1.135,0.0,-1.0,1.0,-1.0,0.0,0.6000000238418579,0.0,5119.707872199,5119.7153049
0.014982235332765204,0.3774981301902086,0.371272500530757,21.599999999999998,-2.16,0.6000000238418579,-1.6602984710226618,5119.70785735,1.1112315310001577,1.14,0.0,-1.0,1.0,-1.0,0.0,0.6000000238418579,0.0,5119.707872199,5119.7153049
0.011679743301531004,0.3892505868755078,0.3704448370414769,24.84,-3.42,0.6000000238418579,-0.9125949888607519,5119.707864806,1.111238986999524,1.145,0.0,-0.8448885679244995,0.8213018774986267,-1.0,0.046533431857824326,0.5463905930519104,0.0,5119.707872199,5119.735737357
0.02550573666316846,0.3834055023968821,0.36946275772201853,28.08,-3.5999999999999996,0.6000000238418579,-0.5158543656727996,5119.707872199,1.1112463800000114,1.15,0.0,-0.8448885679244995,0.8213018774986267,-1.0,0.046533431857824326,0.5463905930519104,0.0,5119.707872199,5119.735737357
0.005187488707684321,0.4039065089364404,0.3686565053643292,31.14,-3.2399999999999998,0.6000000238418579,-0.6989654225287776,5119.751427599,1.154801779999616,1.155,0.0,-0.8448885679244995,0.8213018774986267,-1.0,0.046533431857824326,0.5463905930519104,0.0,5119.707872199,5119.735737357
0.008189571153989814,0.4013719653295199,0.3677023657438759,34.199999999999996,-3.06,0.6000000238418579,-0.5616321298867941,5119.751450447,1.1548246279999148,1.16,0.0,-1.0,1.0,-1.0,0.0,0.6000000238418579,0.0,5119.751508911,5119.755255118
0.009958946589064084,0.41273044002911474,0.364069938993177,37.44,-2.88,0.6000000238418579,-0.6837061677907794,5119.751462223,1.1548364039999797,1.165,0.0,-1.0,1.0,-1.0,0.0,0.6000000238418579,0.0,5119.751508911,5119.755255118
0.007025909920190805,0.4154372379545577,0.35953285150402386,40.68,-3.06,0.0,-0.6989654225287776,5119.751470255,1.154844435999621,1.17,0.0,-1.0,1.0,-1.0,0.0,0.6000000238418579,0.0,5119.751508911,5119.755255118
-0.006770417535182941,0.42897500726468385,0.3554982007364193,44.1,-3.42,0.0,0.5980712302011213,5119.751478191,1.1548523720002777,1.175,0.0,-1.0,1.0,-1.0,0.0,0.6000000238418579,0.0,5119.751508911,5119.755255118
-0.008123494591644777,0.4379684165314375,0.3500618070576854,47.339999999999996,-3.42,0.0,-0.6989654225287776,5119.751486127,1.1548603080000248,1.18,0.0,-1.0,0.920535683631897,-1.0,0.0,0.576160728931427,0.0,5119.751508911,5119.775504982
-0.0075420216939597684,0.4438503686815305,0.34439909214027914,50.58,-3.2399999999999998,0.0,-0.4853358561968033,5119.751494255,1.1548684359995605,1.185,0.0,-1.0,0.920535683631897,-1.0,0.0,0.576160728931427,0.0,5119.751508911,5119.775504982
-0.005012327084484429,0.45346751492696113,0.3396834910596109,53.82,-3.2399999999999998,0.046533431857824326,-0.8057802056947647,5119.751502095,1.1548762760003228,1.19,0.0,-1.0,0.920535683631897,-1.0,0.0,0.576160728931427,0.0,5119.751508911,5119.775504982
-0.009376173690059554,0.4629932581921175,0.33294688831143887,56.699999999999996,-3.06,0.046533431857824326,-0.5768913846247923,5119.751508911,1.154883092000091,1.195,0.0,-1.0,0.920535683631897,-1.0,0.0,0.576160728931427,0.0,5119.751508911,5119.775504982
0.0005498308084626865,0.4538705130876044,0.3222029626705312,59.76,-2.88,0.046533431857824326,-0.6226691488387868,5119.793136936,1.1965111170002274,1.2,0.0,-1.0,1.0,-1.0,0.0,0.6000000238418579,0.0,5119.793206184,5119.795243417
-0.0018844704706101137,0.458749376985432,0.3109790539387512,62.64,-2.52,0.046533431857824326,-0.6531876583147831,5119.793159304,1.1965334850001454,1.205,0.0,-1.0,1.0,-1.0,0.0,0.6000000238418579,0.0,5119.793206184,5119.795243417
0.01624773839092073,0.45441059457874255,0.2998357478245224,65.16,-2.16,0.0,-0.4853358561968033,5119.793168328,1.19654250900021,1.21,0.0,-1.0,1.0,-1.0,0.0,0.6000000238418579,0.0,5119.793206184,5119.795243417
0.02545703278603826,0.4565889995656647,0.2863199311558888,67.67999999999999,-1.26,0.0,-0.7447431867427721,5119.793176424,1.196550605000084,1.215,0.0,-1.0,1.0,-1.0,0.0,0.6000000238418579,0.0,5119.793206184,5119.795243417
0.04353818067988482,0.4404359539973173,0.2696863763942199,69.84,-0.36,0.0,-0.8210394604327629,5119.793183912,1.1965580930000215,1.22,0.0,-0.5970064997673035,0.7707334756851196,-1.0,0.1208980530500412,0.5312200784683228,0.0,5119.793206184,5119.815580129
0.06578135268003779,0.43305576162099135,0.2512331891337397,71.82,0.8999999999999999,0.0,-0.4395580919828088,5119.793191464,1.1965656450001916,1.225,0.0,-0.5970064997673035,0.7707334756851196,-1.0,0.1208980530500412,0.5312200784683228,0.0,5119.793206184,5119.815580129
0.08618555805667932,0.43353242302926026,0.2308967110446115,73.44,2.6999999999999997,0.0,-0.5616321298867941,5119.793199016,1.1965731969994522,1.23,0.0,-0.5970064997673035,0.7707334756851196,-1.0,0.1208980530500412,0.5312200784683228,0.0,5119.793206184,5119.815580129
0.0998005188105749,0.43602841363473943,0.21169351142952897,74.7,4.859999999999999,0.0,-0.30222479934082536,5119.793206184,1.1965803650000453,1.235,0.0,-0.5970064997673035,0.7707334756851196,-1.0,0.1208980530500412,0.5312200784683228,0.0,5119.793206184,5119.815580129
0.12347124352503855,0.41162220810664685,0.19193638822743395,75.6,7.739999999999999,0.0,-0.6989654225287776,5119.83670264,1.2400768210000024,1.24,0.0,-1.0,0.6309583783149719,-1.0,0.0,0.48928752541542053,0.0,5119.793206184,5119.835224516
0.1354078107663515,0.38085216469574806,0.17345652375923057,75.96,11.16,0.0,-0.14963225196078866,5119.836723504,1.240097684999455,1.245,0.0,-1.0,0.6309583783149719,-1.0,0.0,0.48928752541542053,0.0,5119.793206184,5119.835224516
0.1520157309538606,0.36024510649912955,0.1560411517755335,75.78,15.12,0.0,-0.7142246772667757,5119.836733008,1.2401071889999002,1.25,0.0,-1.0,0.6309583783149719,-1.0,0.0,0.48928752541542053,0.0,5119.793206184,5119.835224516
0.17199541689416056,0.33314300807018943,0.14043152716577548,75.24,19.8,0.0,-0.454817346720807,5119.836741808,1.2401159889996052,1.255,0.0,-1.0,0.6309583783149719,-1.0,0.0,0.48928752541542053,0.0,5119.793206184,5119.835224516
0.18549132949746072,0.3073507596914714,0.12582372933454336,74.34,25.02,0.0,-0.5616321298867941,5119.836750224,1.240124404999733,1.26,0.0,-1.0,0.6309583783149719,-1.0,0.0,0.48928752541542053,0.0,5119.793206184,5119.835224516
0.20043492132335677,0.2784025707665071,0.11254341132786343,72.89999999999999,30.599999999999998,0.0,-0.4395580919828088,5119.836758064,1.240132244999586,1.265,0.0,-1.0,0.6309583783149719,-1.0,0.0,0.48928752541542053,0.0,5119.793206184,5119.835224516
0.21994470613892841,0.25354894385413407,0.09906605307712518,70.92,36.72,0.1208980530500412,-0.7142246772667757,5119.836765745,1.240139925999756,1.27,0.0,-1.0,0.6309583783149719,-1.0,0.0,0.48928752541542053,0.0,5119.793206184,5119.835224516
0.2339032351781727,0.22331200399083118,0.09076170120249316,68.94,43.019999999999996,0.1208980530500412,-0.37852107303081617,5119.836772913,1.2401470939994397,1.275,0.0,-1.0,0.6309583783149719,-1.0,0.0,0.48928752541542053,0.0,5119.793206184,5119.835224516
0.2464071246760322,0.20809450998217413,0.08101104688538019,66.42,49.5,0.1208980530500412,-0.5616321298867941,5119.836779857,1.2401540379996732,1.28,0.0,-1.0,0.6309583783149719,-1.0,0.0,0.48928752541542053,0.0,5119.793206184,5119.835224516
