,チャネル,時間 [%],O の誤差 [%]
速い・大きい,全チャネル,91.87,94.22
速い・小さい,全チャネル,0.56,0.13
遅い・大きい,全チャネル,4.82,4.71
遅い・小さい,全チャネル,2.75,0.95
しきい値域の外,全チャネル,95.58,96.84
しきい値域（G<0.7）,全チャネル,4.42,3.16
速い・大きい,DF,94.91,95.53
速い・小さい,DF,1.16,0.29
遅い・大きい,DF,2.99,2.91
遅い・小さい,DF,0.94,1.27
しきい値域の外,DF,94.86,95.73
しきい値域（G<0.7）,DF,5.14,4.27
速い・大きい,F,92.04,93.43
速い・小さい,F,0.17,0.04
遅い・大きい,F,5.53,5.58
遅い・小さい,F,2.27,0.95
しきい値域の外,F,96.91,97.66
しきい値域（G<0.7）,F,3.09,2.34
速い・大きい,G,88.66,93.89
速い・小さい,G,0.36,0.06
遅い・大きい,G,5.94,5.41
遅い・小さい,G,5.04,0.64
しきい値域の外,G,94.98,96.96
しきい値域（G<0.7）,G,5.02,3.04
