rate,run,ch,nrmse,shift_med,shift_p90
33.30,tm_E_dbl160_seed2,DF,5.16,15.00,23.50
33.30,tm_E_dbl160_seed2,DF,5.26,17.50,28.50
33.30,tm_E_dbl160_seed2,DF,5.05,15.00,25.00
33.30,tm_E_dbl160_seed2,DF,4.74,17.50,30.00
25.00,tm_E_dbl160_seed2,DF,5.23,12.50,25.00
25.00,tm_E_dbl160_seed2,DF,6.11,17.50,35.00
25.00,tm_E_dbl160_seed2,DF,7.27,25.00,49.00
25.00,tm_E_dbl160_seed2,DF,5.76,22.50,38.50
20.00,tm_E_dbl160_seed2,DF,7.22,12.50,45.00
20.00,tm_E_dbl160_seed2,DF,8.27,37.50,83.50
20.00,tm_E_dbl160_seed2,DF,7.61,20.00,42.00
20.00,tm_E_dbl160_seed2,DF,8.09,22.50,65.00
12.50,tm_E_dbl160_seed2,DF,11.52,40.00,336.00
12.50,tm_E_dbl160_seed2,DF,12.18,45.00,237.00
12.50,tm_E_dbl160_seed2,DF,13.09,40.00,234.00
12.50,tm_E_dbl160_seed2,DF,14.03,47.50,357.50
10.00,tm_E_dbl160_seed2,DF,12.84,55.00,142.00
10.00,tm_E_dbl160_seed2,DF,13.06,72.50,127.00
10.00,tm_E_dbl160_seed2,DF,14.33,45.00,97.00
10.00,tm_E_dbl160_seed2,DF,13.68,35.00,103.50
33.30,tm_E_dbl160_seed2,F,5.25,20.00,30.00
33.30,tm_E_dbl160_seed2,F,5.05,25.00,37.00
33.30,tm_E_dbl160_seed2,F,4.27,17.50,33.50
33.30,tm_E_dbl160_seed2,F,4.61,20.00,35.00
25.00,tm_E_dbl160_seed2,F,4.94,22.50,310.00
25.00,tm_E_dbl160_seed2,F,5.95,32.50,85.00
25.00,tm_E_dbl160_seed2,F,6.52,37.50,236.00
25.00,tm_E_dbl160_seed2,F,5.68,27.50,315.00
20.00,tm_E_dbl160_seed2,F,7.06,40.00,215.50
20.00,tm_E_dbl160_seed2,F,7.00,22.50,58.50
20.00,tm_E_dbl160_seed2,F,7.28,42.50,330.00
20.00,tm_E_dbl160_seed2,F,7.11,35.00,202.00
12.50,tm_E_dbl160_seed2,F,9.36,52.50,266.00
12.50,tm_E_dbl160_seed2,F,10.99,75.00,277.50
12.50,tm_E_dbl160_seed2,F,10.64,45.00,350.50
12.50,tm_E_dbl160_seed2,F,10.17,55.00,231.00
10.00,tm_E_dbl160_seed2,F,11.65,70.00,201.00
10.00,tm_E_dbl160_seed2,F,11.39,67.50,138.50
10.00,tm_E_dbl160_seed2,F,13.04,77.50,140.50
10.00,tm_E_dbl160_seed2,F,13.86,360.00,790.50
33.30,tm_E_dbl160_seed2,G,3.74,20.00,20.00
33.30,tm_E_dbl160_seed2,G,2.96,0.00,0.00
33.30,tm_E_dbl160_seed2,G,3.35,5.00,5.00
33.30,tm_E_dbl160_seed2,G,4.22,30.00,30.00
25.00,tm_E_dbl160_seed2,G,4.29,30.00,30.00
25.00,tm_E_dbl160_seed2,G,4.40,20.00,20.00
25.00,tm_E_dbl160_seed2,G,4.60,10.00,10.00
25.00,tm_E_dbl160_seed2,G,5.14,20.00,20.00
20.00,tm_E_dbl160_seed2,G,4.78,25.00,25.00
20.00,tm_E_dbl160_seed2,G,5.56,25.00,25.00
20.00,tm_E_dbl160_seed2,G,5.54,35.00,35.00
20.00,tm_E_dbl160_seed2,G,5.92,10.00,10.00
12.50,tm_E_dbl160_seed2,G,7.72,85.00,85.00
12.50,tm_E_dbl160_seed2,G,6.57,0.00,0.00
12.50,tm_E_dbl160_seed2,G,6.67,5.00,5.00
12.50,tm_E_dbl160_seed2,G,8.18,60.00,60.00
10.00,tm_E_dbl160_seed2,G,8.56,10.00,10.00
10.00,tm_E_dbl160_seed2,G,7.82,40.00,40.00
10.00,tm_E_dbl160_seed2,G,9.86,85.00,85.00
10.00,tm_E_dbl160_seed2,G,10.51,85.00,85.00
33.30,tm_E_dbl160_seed3,DF,4.73,20.00,30.00
33.30,tm_E_dbl160_seed3,DF,4.97,25.00,30.00
33.30,tm_E_dbl160_seed3,DF,5.04,20.00,38.00
33.30,tm_E_dbl160_seed3,DF,4.82,25.00,35.00
25.00,tm_E_dbl160_seed3,DF,5.13,10.00,24.00
25.00,tm_E_dbl160_seed3,DF,5.51,15.00,30.00
25.00,tm_E_dbl160_seed3,DF,6.45,25.00,39.00
25.00,tm_E_dbl160_seed3,DF,5.50,25.00,35.00
20.00,tm_E_dbl160_seed3,DF,6.65,25.00,39.00
20.00,tm_E_dbl160_seed3,DF,7.55,50.00,64.00
20.00,tm_E_dbl160_seed3,DF,7.27,25.00,49.00
20.00,tm_E_dbl160_seed3,DF,7.93,30.00,62.00
12.50,tm_E_dbl160_seed3,DF,11.67,45.00,243.00
12.50,tm_E_dbl160_seed3,DF,13.97,100.00,280.00
12.50,tm_E_dbl160_seed3,DF,12.41,65.00,124.00
12.50,tm_E_dbl160_seed3,DF,14.36,90.00,122.00
10.00,tm_E_dbl160_seed3,DF,12.38,75.00,123.00
10.00,tm_E_dbl160_seed3,DF,14.49,85.00,122.00
10.00,tm_E_dbl160_seed3,DF,13.86,30.00,98.00
10.00,tm_E_dbl160_seed3,DF,12.78,25.00,149.00
33.30,tm_E_dbl160_seed3,F,4.90,20.00,25.00
33.30,tm_E_dbl160_seed3,F,4.45,15.00,19.00
33.30,tm_E_dbl160_seed3,F,4.62,15.00,24.00
33.30,tm_E_dbl160_seed3,F,5.28,20.00,29.00
25.00,tm_E_dbl160_seed3,F,4.01,5.00,24.00
25.00,tm_E_dbl160_seed3,F,4.97,15.00,34.00
25.00,tm_E_dbl160_seed3,F,5.70,25.00,43.00
25.00,tm_E_dbl160_seed3,F,5.48,25.00,30.00
20.00,tm_E_dbl160_seed3,F,5.89,20.00,39.00
20.00,tm_E_dbl160_seed3,F,7.71,40.00,54.00
20.00,tm_E_dbl160_seed3,F,6.57,20.00,39.00
20.00,tm_E_dbl160_seed3,F,7.25,40.00,55.00
12.50,tm_E_dbl160_seed3,F,9.68,60.00,328.00
12.50,tm_E_dbl160_seed3,F,10.04,50.00,88.00
12.50,tm_E_dbl160_seed3,F,10.48,55.00,344.00
12.50,tm_E_dbl160_seed3,F,9.57,55.00,315.00
10.00,tm_E_dbl160_seed3,F,10.74,75.00,234.00
10.00,tm_E_dbl160_seed3,F,11.07,60.00,89.00
10.00,tm_E_dbl160_seed3,F,13.52,65.00,310.00
10.00,tm_E_dbl160_seed3,F,14.07,80.00,293.00
33.30,tm_E_dbl160_seed3,G,4.05,15.00,752.50
33.30,tm_E_dbl160_seed3,G,3.17,12.50,20.00
33.30,tm_E_dbl160_seed3,G,3.74,17.50,25.00
33.30,tm_E_dbl160_seed3,G,4.38,27.50,555.00
25.00,tm_E_dbl160_seed3,G,4.39,22.50,230.00
25.00,tm_E_dbl160_seed3,G,4.23,30.00,237.50
25.00,tm_E_dbl160_seed3,G,5.01,35.00,195.00
25.00,tm_E_dbl160_seed3,G,4.85,30.00,722.50
20.00,tm_E_dbl160_seed3,G,4.93,20.00,240.00
20.00,tm_E_dbl160_seed3,G,5.74,40.00,327.50
20.00,tm_E_dbl160_seed3,G,6.04,30.00,45.00
20.00,tm_E_dbl160_seed3,G,6.58,190.00,555.00
12.50,tm_E_dbl160_seed3,G,7.89,50.00,255.00
12.50,tm_E_dbl160_seed3,G,9.25,57.50,190.00
12.50,tm_E_dbl160_seed3,G,8.13,52.50,185.00
12.50,tm_E_dbl160_seed3,G,8.57,190.00,690.00
10.00,tm_E_dbl160_seed3,G,9.34,737.50,2002.50
10.00,tm_E_dbl160_seed3,G,9.01,232.50,752.50
10.00,tm_E_dbl160_seed3,G,10.92,85.00,100.00
10.00,tm_E_dbl160_seed3,G,12.70,95.00,97.50
33.30,tm_E_gmd138_seed2,DF,7.30,20.00,30.00
33.30,tm_E_gmd138_seed2,DF,6.92,15.00,30.00
33.30,tm_E_gmd138_seed2,DF,7.17,20.00,30.00
33.30,tm_E_gmd138_seed2,DF,6.91,20.00,33.00
25.00,tm_E_gmd138_seed2,DF,7.39,15.00,38.00
25.00,tm_E_gmd138_seed2,DF,7.86,25.00,35.00
25.00,tm_E_gmd138_seed2,DF,8.18,20.00,50.00
25.00,tm_E_gmd138_seed2,DF,8.42,25.00,35.00
20.00,tm_E_gmd138_seed2,DF,9.96,15.00,53.00
20.00,tm_E_gmd138_seed2,DF,11.05,20.00,60.00
20.00,tm_E_gmd138_seed2,DF,10.49,20.00,78.00
20.00,tm_E_gmd138_seed2,DF,10.78,40.00,70.00
12.50,tm_E_gmd138_seed2,DF,14.91,35.00,185.00
12.50,tm_E_gmd138_seed2,DF,16.32,20.00,133.00
12.50,tm_E_gmd138_seed2,DF,17.01,25.00,78.00
12.50,tm_E_gmd138_seed2,DF,16.22,60.00,261.00
10.00,tm_E_gmd138_seed2,DF,17.00,35.00,123.00
10.00,tm_E_gmd138_seed2,DF,16.03,55.00,215.00
10.00,tm_E_gmd138_seed2,DF,17.50,55.00,241.00
10.00,tm_E_gmd138_seed2,DF,19.00,60.00,140.00
33.30,tm_E_gmd138_seed2,F,7.94,25.00,35.00
33.30,tm_E_gmd138_seed2,F,7.62,20.00,30.00
33.30,tm_E_gmd138_seed2,F,7.45,20.00,30.00
33.30,tm_E_gmd138_seed2,F,7.67,20.00,30.00
25.00,tm_E_gmd138_seed2,F,7.45,15.00,34.00
25.00,tm_E_gmd138_seed2,F,8.96,20.00,34.00
25.00,tm_E_gmd138_seed2,F,8.72,15.00,45.00
25.00,tm_E_gmd138_seed2,F,8.98,25.00,35.00
20.00,tm_E_gmd138_seed2,F,10.04,25.00,45.00
20.00,tm_E_gmd138_seed2,F,11.23,30.00,55.00
20.00,tm_E_gmd138_seed2,F,10.62,25.00,50.00
20.00,tm_E_gmd138_seed2,F,12.04,30.00,50.00
12.50,tm_E_gmd138_seed2,F,14.95,25.00,70.00
12.50,tm_E_gmd138_seed2,F,16.18,40.00,75.00
12.50,tm_E_gmd138_seed2,F,17.07,55.00,128.00
12.50,tm_E_gmd138_seed2,F,15.66,35.00,94.00
10.00,tm_E_gmd138_seed2,F,17.49,60.00,114.00
10.00,tm_E_gmd138_seed2,F,18.56,60.00,285.00
10.00,tm_E_gmd138_seed2,F,19.54,65.00,272.00
10.00,tm_E_gmd138_seed2,F,19.97,65.00,155.00
33.30,tm_E_gmd138_seed2,G,6.81,20.00,40.00
33.30,tm_E_gmd138_seed2,G,6.68,25.00,273.00
33.30,tm_E_gmd138_seed2,G,6.70,20.00,242.00
33.30,tm_E_gmd138_seed2,G,7.06,25.00,208.00
25.00,tm_E_gmd138_seed2,G,6.16,20.00,220.00
25.00,tm_E_gmd138_seed2,G,7.49,25.00,253.00
25.00,tm_E_gmd138_seed2,G,8.07,25.00,161.00
25.00,tm_E_gmd138_seed2,G,7.77,30.00,50.00
20.00,tm_E_gmd138_seed2,G,8.79,20.00,230.00
20.00,tm_E_gmd138_seed2,G,9.71,35.00,159.00
20.00,tm_E_gmd138_seed2,G,10.63,35.00,270.00
20.00,tm_E_gmd138_seed2,G,11.42,50.00,331.00
12.50,tm_E_gmd138_seed2,G,14.27,65.00,521.00
12.50,tm_E_gmd138_seed2,G,16.75,65.00,278.00
12.50,tm_E_gmd138_seed2,G,16.22,85.00,442.00
12.50,tm_E_gmd138_seed2,G,15.30,65.00,298.00
10.00,tm_E_gmd138_seed2,G,16.71,80.00,410.00
10.00,tm_E_gmd138_seed2,G,17.29,85.00,392.00
10.00,tm_E_gmd138_seed2,G,18.44,95.00,307.00
10.00,tm_E_gmd138_seed2,G,19.60,95.00,223.00
33.30,tm_E_gmd138_seed3,DF,7.69,20.00,65.00
33.30,tm_E_gmd138_seed3,DF,7.74,15.00,65.50
33.30,tm_E_gmd138_seed3,DF,7.50,20.00,62.00
33.30,tm_E_gmd138_seed3,DF,7.58,20.00,63.50
25.00,tm_E_gmd138_seed3,DF,7.88,25.00,53.50
25.00,tm_E_gmd138_seed3,DF,8.58,30.00,45.00
25.00,tm_E_gmd138_seed3,DF,8.73,25.00,103.50
25.00,tm_E_gmd138_seed3,DF,8.40,25.00,65.50
20.00,tm_E_gmd138_seed3,DF,10.52,22.50,100.00
20.00,tm_E_gmd138_seed3,DF,10.97,20.00,88.50
20.00,tm_E_gmd138_seed3,DF,10.12,25.00,159.50
20.00,tm_E_gmd138_seed3,DF,10.67,35.00,73.50
12.50,tm_E_gmd138_seed3,DF,14.97,27.50,127.00
12.50,tm_E_gmd138_seed3,DF,16.26,35.00,209.00
12.50,tm_E_gmd138_seed3,DF,16.79,37.50,183.50
12.50,tm_E_gmd138_seed3,DF,16.26,50.00,260.00
10.00,tm_E_gmd138_seed3,DF,16.69,40.00,128.50
10.00,tm_E_gmd138_seed3,DF,14.98,45.00,237.00
10.00,tm_E_gmd138_seed3,DF,18.27,55.00,125.00
10.00,tm_E_gmd138_seed3,DF,18.25,55.00,140.00
33.30,tm_E_gmd138_seed3,F,6.72,15.00,30.00
33.30,tm_E_gmd138_seed3,F,7.15,15.00,39.50
33.30,tm_E_gmd138_seed3,F,7.37,20.00,35.00
33.30,tm_E_gmd138_seed3,F,6.98,20.00,35.00
25.00,tm_E_gmd138_seed3,F,6.33,15.00,30.00
25.00,tm_E_gmd138_seed3,F,7.91,25.00,39.50
25.00,tm_E_gmd138_seed3,F,8.08,20.00,45.00
25.00,tm_E_gmd138_seed3,F,7.89,20.00,34.50
20.00,tm_E_gmd138_seed3,F,9.43,30.00,50.00
20.00,tm_E_gmd138_seed3,F,10.29,30.00,50.00
20.00,tm_E_gmd138_seed3,F,10.02,30.00,55.00
20.00,tm_E_gmd138_seed3,F,11.42,35.00,159.50
12.50,tm_E_gmd138_seed3,F,14.37,45.00,257.50
12.50,tm_E_gmd138_seed3,F,16.27,55.00,316.00
12.50,tm_E_gmd138_seed3,F,15.07,50.00,342.00
12.50,tm_E_gmd138_seed3,F,15.27,57.50,212.50
10.00,tm_E_gmd138_seed3,F,17.53,65.00,299.00
10.00,tm_E_gmd138_seed3,F,17.72,65.00,280.00
10.00,tm_E_gmd138_seed3,F,18.84,70.00,205.00
10.00,tm_E_gmd138_seed3,F,19.31,70.00,282.50
33.30,tm_E_gmd138_seed3,G,6.14,15.00,35.00
33.30,tm_E_gmd138_seed3,G,6.29,15.00,30.00
33.30,tm_E_gmd138_seed3,G,6.27,25.00,38.50
33.30,tm_E_gmd138_seed3,G,6.25,15.00,30.00
25.00,tm_E_gmd138_seed3,G,6.51,15.00,33.50
25.00,tm_E_gmd138_seed3,G,8.02,25.00,40.00
25.00,tm_E_gmd138_seed3,G,7.40,20.00,48.50
25.00,tm_E_gmd138_seed3,G,7.48,25.00,43.50
20.00,tm_E_gmd138_seed3,G,8.08,20.00,38.50
20.00,tm_E_gmd138_seed3,G,9.37,25.00,45.00
20.00,tm_E_gmd138_seed3,G,9.43,35.00,53.50
20.00,tm_E_gmd138_seed3,G,10.16,30.00,58.50
12.50,tm_E_gmd138_seed3,G,12.84,55.00,314.00
12.50,tm_E_gmd138_seed3,G,13.54,52.50,108.50
12.50,tm_E_gmd138_seed3,G,13.93,35.00,105.00
12.50,tm_E_gmd138_seed3,G,13.03,40.00,216.00
10.00,tm_E_gmd138_seed3,G,14.89,60.00,292.00
10.00,tm_E_gmd138_seed3,G,14.95,50.00,286.50
10.00,tm_E_gmd138_seed3,G,15.65,57.50,145.00
10.00,tm_E_gmd138_seed3,G,18.39,77.50,115.00
