データ,従来（テーブル）,δT,むだ時間＋一次遅れ,δS,＋流量上限,δO
① ステップ（同定に使用・4本の平均）,3.4796920185238713,0.00,3.3534653770861143,0.00,3.1088540557313897,0.00
② 準静的ヒステリシス,2.8870550828319206,25.00,2.9552626718835078,35.00,2.2534202400051715,35.00
② ステップ,7.076507263072505,25.00,8.031867711610525,35.00,5.22040530315461,35.00
② チャープ,12.82731433655072,25.00,4.910435785360903,35.00,4.351059617871033,35.00
③ 打撃 105本 DF（中央値）,8.775302683695504,40.00,6.846163953925842,45.00,6.22324742949591,45.00
③ 打撃 105本 DF（四分位 25–75%）,7.6–10.6,,6.0–7.5,,5.6–7.0,
③ 打撃 105本 F（中央値）,10.066402167843304,40.00,7.141659805257255,45.00,7.025254472152269,45.00
③ 打撃 105本 F（四分位 25–75%）,8.8–11.7,,5.8–8.5,,5.7–7.9,
③ 打撃 105本 G（中央値）,8.847226208528554,40.00,6.823554496707347,45.00,6.511614722397666,45.00
③ 打撃 105本 G（四分位 25–75%）,7.9–10.7,,6.1–8.2,,5.7–7.5,
