time,cmd_pressure_DF,cmd_pressure_F,cmd_pressure_G,segment
0.0,0.1,0.1,0.3,base
0.02,0.1,0.1,0.3,base
0.04,0.1,0.1,0.3,base
0.06,0.1,0.1,0.3,base
0.08,0.1,0.1,0.3,base
0.1,0.1,0.1,0.3,base
0.12,0.1,0.1,0.3,base
0.14,0.1,0.1,0.3,base
0.16,0.1,0.1,0.3,base
0.18,0.1,0.1,0.3,base
0.2,0.1,0.1,0.3,base
0.22,0.1,0.1,0.3,base
0.24,0.1,0.1,0.3,base
0.26,0.1,0.1,0.3,base
0.28,0.1,0.1,0.3,base
0.3,0.1,0.1,0.3,base
0.32,0.1,0.1,0.3,base
0.34,0.1,0.1,0.3,base
0.36,0.1,0.1,0.3,base
0.38,0.1,0.1,0.3,base
0.4,0.1,0.1,0.3,base
0.42,0.1,0.1,0.3,base
0.44,0.1,0.1,0.3,base
0.46,0.1,0.1,0.3,base
0.48,0.1,0.1,0.3,base
0.5,0.1,0.1,0.3,base
0.52,0.1,0.1,0.3,base
0.54,0.1,0.1,0.3,base
0.56,0.1,0.1,0.3,base
0.58,0.1,0.1,0.3,base
0.6,0.1,0.1,0.3,base
0.62,0.1,0.1,0.3,base
0.64,0.1,0.1,0.3,base
0.66,0.1,0.1,0.3,base
0.68,0.1,0.1,0.3,base
0.7000000000000001,0.1,0.1,0.3,base
0.72,0.1,0.1,0.3,base
0.74,0.1,0.1,0.3,base
0.76,0.1,0.1,0.3,base
0.78,0.1,0.1,0.3,base
0.8,0.1,0.1,0.3,base
0.8200000000000001,0.1,0.1,0.3,base
0.84,0.1,0.1,0.3,base
0.86,0.1,0.1,0.3,base
0.88,0.1,0.1,0.3,base
0.9,0.1,0.1,0.3,base
0.92,0.1,0.1,0.3,base
0.9400000000000001,0.1,0.1,0.3,base
0.96,0.1,0.1,0.3,base
0.98,0.1,0.1,0.3,base
1.0,0.1,0.1,0.3,base
1.02,0.1,0.1,0.3,base
1.04,0.1,0.1,0.3,base
1.06,0.1,0.1,0.3,base
1.08,0.1,0.1,0.3,base
1.1,0.1,0.1,0.3,base
1.12,0.1,0.1,0.3,base
1.1400000000000001,0.1,0.1,0.3,base
1.16,0.1,0.1,0.3,base
1.18,0.1,0.1,0.3,base
1.2,0.1,0.1,0.3,base
1.22,0.1,0.1,0.3,base
1.24,0.1,0.1,0.3,base
1.26,0.1,0.1,0.3,base
1.28,0.1,0.1,0.3,base
1.3,0.1,0.1,0.3,base
1.32,0.1,0.1,0.3,base
1.34,0.1,0.1,0.3,base
1.36,0.1,0.1,0.3,base
1.3800000000000001,0.1,0.1,0.3,base
1.4000000000000001,0.1,0.1,0.3,base
1.42,0.1,0.1,0.3,base
1.44,0.1,0.1,0.3,base
1.46,0.1,0.1,0.3,base
1.48,0.1,0.1,0.3,base
1.5,0.1,0.1,0.3,base
1.52,0.1,0.1,0.3,base
1.54,0.1,0.1,0.3,base
1.56,0.1,0.1,0.3,base
1.58,0.1,0.1,0.3,base
1.6,0.1,0.1,0.3,base
1.62,0.1,0.1,0.3,base
1.6400000000000001,0.1,0.1,0.3,base
1.6600000000000001,0.1,0.1,0.3,base
1.68,0.1,0.1,0.3,base
1.7,0.1,0.1,0.3,base
1.72,0.1,0.1,0.3,base
1.74,0.1,0.1,0.3,base
1.76,0.1,0.1,0.3,base
1.78,0.1,0.1,0.3,base
1.8,0.1,0.1,0.3,base
1.82,0.1,0.1,0.3,base
1.84,0.1,0.1,0.3,base
1.86,0.1,0.1,0.3,base
1.8800000000000001,0.1,0.1,0.3,base
1.9000000000000001,0.1,0.1,0.3,base
1.92,0.1,0.1,0.3,base
1.94,0.1,0.1,0.3,base
1.96,0.1,0.1,0.3,base
1.98,0.1,0.1,0.3,base
2.0,0.1,0.1,0.3,base
2.02,0.1,0.1,0.3,base
2.04,0.1,0.1,0.3,base
2.06,0.1,0.1,0.3,base
2.08,0.1,0.1,0.3,base
2.1,0.1,0.1,0.3,base
2.12,0.1,0.1,0.3,base
2.14,0.1,0.1,0.3,base
2.16,0.1,0.1,0.3,base
2.18,0.1,0.1,0.3,base
2.2,0.1,0.1,0.3,base
2.22,0.1,0.1,0.3,base
2.24,0.1,0.1,0.3,base
2.2600000000000002,0.1,0.1,0.3,base
2.2800000000000002,0.1,0.1,0.3,base
2.3000000000000003,0.1,0.1,0.3,base
2.32,0.1,0.1,0.3,base
2.34,0.1,0.1,0.3,base
2.36,0.1,0.1,0.3,base
2.38,0.1,0.1,0.3,base
2.4,0.1,0.1,0.3,base
2.42,0.1,0.1,0.3,base
2.44,0.1,0.1,0.3,base
2.46,0.1,0.1,0.3,base
2.48,0.1,0.1,0.3,base
2.5,0.1,0.1,0.3,base
2.52,0.1,0.1,0.3,base
2.54,0.1,0.1,0.3,base
2.56,0.1,0.1,0.3,base
2.58,0.1,0.1,0.3,base
2.6,0.1,0.1,0.3,base
2.62,0.1,0.1,0.3,base
2.64,0.1,0.1,0.3,base
2.66,0.1,0.1,0.3,base
2.68,0.1,0.1,0.3,base
2.7,0.1,0.1,0.3,base
2.72,0.1,0.1,0.3,base
2.74,0.1,0.1,0.3,base
2.7600000000000002,0.1,0.1,0.3,base
2.7800000000000002,0.1,0.1,0.3,base
2.8000000000000003,0.1,0.1,0.3,base
2.82,0.1,0.1,0.3,base
2.84,0.1,0.1,0.3,base
2.86,0.1,0.1,0.3,base
2.88,0.1,0.1,0.3,base
2.9,0.1,0.1,0.3,base
2.92,0.1,0.1,0.3,base
2.94,0.1,0.1,0.3,base
2.96,0.1,0.1,0.3,base
2.98,0.1,0.1,0.3,base
3.0,0.1,0.1,0.3,base
3.02,0.1,0.1,0.3,base
3.04,0.1,0.1,0.3,base
3.06,0.1,0.1,0.3,base
3.08,0.1,0.1,0.3,base
3.1,0.1,0.1,0.3,base
3.12,0.1,0.1,0.3,base
3.14,0.1,0.1,0.3,base
3.16,0.1,0.1,0.3,base
3.18,0.1,0.1,0.3,base
3.2,0.1,0.1,0.3,base
3.22,0.1,0.1,0.3,base
3.24,0.1,0.1,0.3,base
3.2600000000000002,0.1,0.1,0.3,base
3.2800000000000002,0.1,0.1,0.3,base
3.3000000000000003,0.1,0.1,0.3,base
3.3200000000000003,0.1,0.1,0.3,base
3.34,0.1,0.1,0.3,base
3.36,0.1,0.1,0.3,base
3.38,0.1,0.1,0.3,base
3.4,0.1,0.1,0.3,base
3.42,0.1,0.1,0.3,base
3.44,0.1,0.1,0.3,base
3.46,0.1,0.1,0.3,base
3.48,0.1,0.1,0.3,base
3.5,0.1,0.1,0.3,base
3.52,0.1,0.1,0.3,base
3.54,0.1,0.1,0.3,base
3.56,0.1,0.1,0.3,base
3.58,0.1,0.1,0.3,base
3.6,0.1,0.1,0.3,base
3.62,0.1,0.1,0.3,base
3.64,0.1,0.1,0.3,base
3.66,0.1,0.1,0.3,base
3.68,0.1,0.1,0.3,base
3.7,0.1,0.1,0.3,base
3.72,0.1,0.1,0.3,base
3.74,0.1,0.1,0.3,base
3.7600000000000002,0.1,0.1,0.3,base
3.7800000000000002,0.1,0.1,0.3,base
3.8000000000000003,0.1,0.1,0.3,base
3.8200000000000003,0.1,0.1,0.3,base
3.84,0.1,0.1,0.3,base
3.86,0.1,0.1,0.3,base
3.88,0.1,0.1,0.3,base
3.9,0.1,0.1,0.3,base
3.92,0.1,0.1,0.3,base
3.94,0.1,0.1,0.3,base
3.96,0.1,0.1,0.3,base
3.98,0.1,0.1,0.3,base
4.0,0.1,0.1,0.3,base
4.0200000000000005,0.1,0.1,0.3,base
4.04,0.1,0.1,0.3,base
4.0600000000000005,0.1,0.1,0.3,base
4.08,0.1,0.1,0.3,base
4.1,0.1,0.1,0.3,base
4.12,0.1,0.1,0.3,base
4.14,0.1,0.1,0.3,base
4.16,0.1,0.1,0.3,base
4.18,0.1,0.1,0.3,base
4.2,0.1,0.1,0.3,base
4.22,0.1,0.1,0.3,base
4.24,0.1,0.1,0.3,base
4.26,0.1,0.1,0.3,base
4.28,0.1,0.1,0.3,base
4.3,0.1,0.1,0.3,base
4.32,0.1,0.1,0.3,base
4.34,0.1,0.1,0.3,base
4.36,0.1,0.1,0.3,base
4.38,0.1,0.1,0.3,base
4.4,0.1,0.1,0.3,base
4.42,0.1,0.1,0.3,base
4.44,0.1,0.1,0.3,base
4.46,0.1,0.1,0.3,base
4.48,0.1,0.1,0.3,base
4.5,0.1,0.1,0.3,base
4.5200000000000005,0.1,0.1,0.3,base
4.54,0.1,0.1,0.3,base
4.5600000000000005,0.1,0.1,0.3,base
4.58,0.1,0.1,0.3,base
4.6000000000000005,0.1,0.1,0.3,base
4.62,0.1,0.1,0.3,base
4.64,0.1,0.1,0.3,base
4.66,0.1,0.1,0.3,base
4.68,0.1,0.1,0.3,base
4.7,0.1,0.1,0.3,base
4.72,0.1,0.1,0.3,base
4.74,0.1,0.1,0.3,base
4.76,0.1,0.1,0.3,base
4.78,0.1,0.1,0.3,base
4.8,0.1,0.1,0.3,base
4.82,0.1,0.1,0.3,base
4.84,0.1,0.1,0.3,base
4.86,0.1,0.1,0.3,base
4.88,0.1,0.1,0.3,base
4.9,0.1,0.1,0.3,base
4.92,0.1,0.1,0.3,base
4.94,0.1,0.1,0.3,base
4.96,0.1,0.1,0.3,base
4.98,0.1,0.1,0.3,base
5.0,0.1,0.1,0.3,base
5.0200000000000005,0.1,0.1,0.3,base
5.04,0.1,0.1,0.3,base
5.0600000000000005,0.1,0.1,0.3,base
5.08,0.1,0.1,0.3,base
5.1000000000000005,0.1,0.1,0.3,base
5.12,0.1,0.1,0.3,base
5.14,0.1,0.1,0.3,base
5.16,0.1,0.1,0.3,base
5.18,0.1,0.1,0.3,base
5.2,0.1,0.1,0.3,base
5.22,0.1,0.1,0.3,base
5.24,0.1,0.1,0.3,base
5.26,0.1,0.1,0.3,base
5.28,0.1,0.1,0.3,base
5.3,0.1,0.1,0.3,base
5.32,0.1,0.1,0.3,base
5.34,0.1,0.1,0.3,base
5.36,0.1,0.1,0.3,base
5.38,0.1,0.1,0.3,base
5.4,0.1,0.1,0.3,base
5.42,0.1,0.1,0.3,base
5.44,0.1,0.1,0.3,base
5.46,0.1,0.1,0.3,base
5.48,0.1,0.1,0.3,base
5.5,0.1,0.1,0.3,base
5.5200000000000005,0.1,0.1,0.3,base
5.54,0.1,0.1,0.3,base
5.5600000000000005,0.1,0.1,0.3,base
5.58,0.1,0.1,0.3,base
5.6000000000000005,0.1,0.1,0.3,base
5.62,0.1,0.1,0.3,base
5.64,0.1,0.1,0.3,base
5.66,0.1,0.1,0.3,base
5.68,0.1,0.1,0.3,base
5.7,0.1,0.1,0.3,base
5.72,0.1,0.1,0.3,base
5.74,0.1,0.1,0.3,base
5.76,0.1,0.1,0.3,base
5.78,0.1,0.1,0.3,base
5.8,0.1,0.1,0.3,base
5.82,0.1,0.1,0.3,base
5.84,0.1,0.1,0.3,base
5.86,0.1,0.1,0.3,base
5.88,0.1,0.1,0.3,base
5.9,0.1,0.1,0.3,base
5.92,0.1,0.1,0.3,base
5.94,0.1,0.1,0.3,base
5.96,0.1,0.1,0.3,base
5.98,0.1,0.1,0.3,base
6.0,0.35,0.1,0.3,DF_only
6.0200000000000005,0.35,0.1,0.3,DF_only
6.04,0.35,0.1,0.3,DF_only
6.0600000000000005,0.35,0.1,0.3,DF_only
6.08,0.35,0.1,0.3,DF_only
6.1000000000000005,0.35,0.1,0.3,DF_only
6.12,0.35,0.1,0.3,DF_only
6.140000000000001,0.35,0.1,0.3,DF_only
6.16,0.35,0.1,0.3,DF_only
6.18,0.35,0.1,0.3,DF_only
6.2,0.35,0.1,0.3,DF_only
6.22,0.35,0.1,0.3,DF_only
6.24,0.35,0.1,0.3,DF_only
6.26,0.35,0.1,0.3,DF_only
6.28,0.35,0.1,0.3,DF_only
6.3,0.35,0.1,0.3,DF_only
6.32,0.35,0.1,0.3,DF_only
6.34,0.35,0.1,0.3,DF_only
6.36,0.35,0.1,0.3,DF_only
6.38,0.35,0.1,0.3,DF_only
6.4,0.35,0.1,0.3,DF_only
6.42,0.35,0.1,0.3,DF_only
6.44,0.35,0.1,0.3,DF_only
6.46,0.35,0.1,0.3,DF_only
6.48,0.35,0.1,0.3,DF_only
6.5,0.35,0.1,0.3,DF_only
6.5200000000000005,0.35,0.1,0.3,DF_only
6.54,0.35,0.1,0.3,DF_only
6.5600000000000005,0.35,0.1,0.3,DF_only
6.58,0.35,0.1,0.3,DF_only
6.6000000000000005,0.35,0.1,0.3,DF_only
6.62,0.35,0.1,0.3,DF_only
6.640000000000001,0.35,0.1,0.3,DF_only
6.66,0.35,0.1,0.3,DF_only
6.68,0.35,0.1,0.3,DF_only
6.7,0.35,0.1,0.3,DF_only
6.72,0.35,0.1,0.3,DF_only
6.74,0.35,0.1,0.3,DF_only
6.76,0.35,0.1,0.3,DF_only
6.78,0.35,0.1,0.3,DF_only
6.8,0.35,0.1,0.3,DF_only
6.82,0.35,0.1,0.3,DF_only
6.84,0.35,0.1,0.3,DF_only
6.86,0.35,0.1,0.3,DF_only
6.88,0.35,0.1,0.3,DF_only
6.9,0.35,0.1,0.3,DF_only
6.92,0.35,0.1,0.3,DF_only
6.94,0.35,0.1,0.3,DF_only
6.96,0.35,0.1,0.3,DF_only
6.98,0.35,0.1,0.3,DF_only
7.0,0.35,0.1,0.3,DF_only
7.0200000000000005,0.35,0.1,0.3,DF_only
7.04,0.35,0.1,0.3,DF_only
7.0600000000000005,0.35,0.1,0.3,DF_only
7.08,0.35,0.1,0.3,DF_only
7.1000000000000005,0.35,0.1,0.3,DF_only
7.12,0.35,0.1,0.3,DF_only
7.140000000000001,0.35,0.1,0.3,DF_only
7.16,0.35,0.1,0.3,DF_only
7.18,0.35,0.1,0.3,DF_only
7.2,0.35,0.1,0.3,DF_only
7.22,0.35,0.1,0.3,DF_only
7.24,0.35,0.1,0.3,DF_only
7.26,0.35,0.1,0.3,DF_only
7.28,0.35,0.1,0.3,DF_only
7.3,0.35,0.1,0.3,DF_only
7.32,0.35,0.1,0.3,DF_only
7.34,0.35,0.1,0.3,DF_only
7.36,0.35,0.1,0.3,DF_only
7.38,0.35,0.1,0.3,DF_only
7.4,0.35,0.1,0.3,DF_only
7.42,0.35,0.1,0.3,DF_only
7.44,0.35,0.1,0.3,DF_only
7.46,0.35,0.1,0.3,DF_only
7.48,0.35,0.1,0.3,DF_only
7.5,0.35,0.1,0.3,DF_only
7.5200000000000005,0.35,0.1,0.3,DF_only
7.54,0.35,0.1,0.3,DF_only
7.5600000000000005,0.35,0.1,0.3,DF_only
7.58,0.35,0.1,0.3,DF_only
7.6000000000000005,0.35,0.1,0.3,DF_only
7.62,0.35,0.1,0.3,DF_only
7.640000000000001,0.35,0.1,0.3,DF_only
7.66,0.35,0.1,0.3,DF_only
7.68,0.35,0.1,0.3,DF_only
7.7,0.35,0.1,0.3,DF_only
7.72,0.35,0.1,0.3,DF_only
7.74,0.35,0.1,0.3,DF_only
7.76,0.35,0.1,0.3,DF_only
7.78,0.35,0.1,0.3,DF_only
7.8,0.35,0.1,0.3,DF_only
7.82,0.35,0.1,0.3,DF_only
7.84,0.35,0.1,0.3,DF_only
7.86,0.35,0.1,0.3,DF_only
7.88,0.35,0.1,0.3,DF_only
7.9,0.35,0.1,0.3,DF_only
7.92,0.35,0.1,0.3,DF_only
7.94,0.35,0.1,0.3,DF_only
7.96,0.35,0.1,0.3,DF_only
7.98,0.35,0.1,0.3,DF_only
8.0,0.35,0.1,0.3,DF_only
8.02,0.35,0.1,0.3,DF_only
8.040000000000001,0.35,0.1,0.3,DF_only
8.06,0.35,0.1,0.3,DF_only
8.08,0.35,0.1,0.3,DF_only
8.1,0.35,0.1,0.3,DF_only
8.120000000000001,0.35,0.1,0.3,DF_only
8.14,0.35,0.1,0.3,DF_only
8.16,0.35,0.1,0.3,DF_only
8.18,0.35,0.1,0.3,DF_only
8.2,0.35,0.1,0.3,DF_only
8.22,0.35,0.1,0.3,DF_only
8.24,0.35,0.1,0.3,DF_only
8.26,0.35,0.1,0.3,DF_only
8.28,0.35,0.1,0.3,DF_only
8.3,0.35,0.1,0.3,DF_only
8.32,0.35,0.1,0.3,DF_only
8.34,0.35,0.1,0.3,DF_only
8.36,0.35,0.1,0.3,DF_only
8.38,0.35,0.1,0.3,DF_only
8.4,0.35,0.1,0.3,DF_only
8.42,0.35,0.1,0.3,DF_only
8.44,0.35,0.1,0.3,DF_only
8.46,0.35,0.1,0.3,DF_only
8.48,0.35,0.1,0.3,DF_only
8.5,0.35,0.1,0.3,DF_only
8.52,0.35,0.1,0.3,DF_only
8.540000000000001,0.35,0.1,0.3,DF_only
8.56,0.35,0.1,0.3,DF_only
8.58,0.35,0.1,0.3,DF_only
8.6,0.35,0.1,0.3,DF_only
8.620000000000001,0.35,0.1,0.3,DF_only
8.64,0.35,0.1,0.3,DF_only
8.66,0.35,0.1,0.3,DF_only
8.68,0.35,0.1,0.3,DF_only
8.700000000000001,0.35,0.1,0.3,DF_only
8.72,0.35,0.1,0.3,DF_only
8.74,0.35,0.1,0.3,DF_only
8.76,0.35,0.1,0.3,DF_only
8.78,0.35,0.1,0.3,DF_only
8.8,0.35,0.1,0.3,DF_only
8.82,0.35,0.1,0.3,DF_only
8.84,0.35,0.1,0.3,DF_only
8.86,0.35,0.1,0.3,DF_only
8.88,0.35,0.1,0.3,DF_only
8.9,0.35,0.1,0.3,DF_only
8.92,0.35,0.1,0.3,DF_only
8.94,0.35,0.1,0.3,DF_only
8.96,0.35,0.1,0.3,DF_only
8.98,0.35,0.1,0.3,DF_only
9.0,0.35,0.1,0.3,DF_only
9.02,0.35,0.1,0.3,DF_only
9.040000000000001,0.35,0.1,0.3,DF_only
9.06,0.35,0.1,0.3,DF_only
9.08,0.35,0.1,0.3,DF_only
9.1,0.35,0.1,0.3,DF_only
9.120000000000001,0.35,0.1,0.3,DF_only
9.14,0.35,0.1,0.3,DF_only
9.16,0.35,0.1,0.3,DF_only
9.18,0.35,0.1,0.3,DF_only
9.200000000000001,0.35,0.1,0.3,DF_only
9.22,0.35,0.1,0.3,DF_only
9.24,0.35,0.1,0.3,DF_only
9.26,0.35,0.1,0.3,DF_only
9.28,0.35,0.1,0.3,DF_only
9.3,0.35,0.1,0.3,DF_only
9.32,0.35,0.1,0.3,DF_only
9.34,0.35,0.1,0.3,DF_only
9.36,0.35,0.1,0.3,DF_only
9.38,0.35,0.1,0.3,DF_only
9.4,0.35,0.1,0.3,DF_only
9.42,0.35,0.1,0.3,DF_only
9.44,0.35,0.1,0.3,DF_only
9.46,0.35,0.1,0.3,DF_only
9.48,0.35,0.1,0.3,DF_only
9.5,0.35,0.1,0.3,DF_only
9.52,0.35,0.1,0.3,DF_only
9.540000000000001,0.35,0.1,0.3,DF_only
9.56,0.35,0.1,0.3,DF_only
9.58,0.35,0.1,0.3,DF_only
9.6,0.35,0.1,0.3,DF_only
9.620000000000001,0.35,0.1,0.3,DF_only
9.64,0.35,0.1,0.3,DF_only
9.66,0.35,0.1,0.3,DF_only
9.68,0.35,0.1,0.3,DF_only
9.700000000000001,0.35,0.1,0.3,DF_only
9.72,0.35,0.1,0.3,DF_only
9.74,0.35,0.1,0.3,DF_only
9.76,0.35,0.1,0.3,DF_only
9.78,0.35,0.1,0.3,DF_only
9.8,0.35,0.1,0.3,DF_only
9.82,0.35,0.1,0.3,DF_only
9.84,0.35,0.1,0.3,DF_only
9.86,0.35,0.1,0.3,DF_only
9.88,0.35,0.1,0.3,DF_only
9.9,0.35,0.1,0.3,DF_only
9.92,0.35,0.1,0.3,DF_only
9.94,0.35,0.1,0.3,DF_only
9.96,0.35,0.1,0.3,DF_only
9.98,0.35,0.1,0.3,DF_only
10.0,0.35,0.1,0.3,DF_only
10.02,0.35,0.1,0.3,DF_only
10.040000000000001,0.35,0.1,0.3,DF_only
10.06,0.35,0.1,0.3,DF_only
10.08,0.35,0.1,0.3,DF_only
10.1,0.35,0.1,0.3,DF_only
10.120000000000001,0.35,0.1,0.3,DF_only
10.14,0.35,0.1,0.3,DF_only
10.16,0.35,0.1,0.3,DF_only
10.18,0.35,0.1,0.3,DF_only
10.200000000000001,0.35,0.1,0.3,DF_only
10.22,0.35,0.1,0.3,DF_only
10.24,0.35,0.1,0.3,DF_only
10.26,0.35,0.1,0.3,DF_only
10.28,0.35,0.1,0.3,DF_only
10.3,0.35,0.1,0.3,DF_only
10.32,0.35,0.1,0.3,DF_only
10.34,0.35,0.1,0.3,DF_only
10.36,0.35,0.1,0.3,DF_only
10.38,0.35,0.1,0.3,DF_only
10.4,0.35,0.1,0.3,DF_only
10.42,0.35,0.1,0.3,DF_only
10.44,0.35,0.1,0.3,DF_only
10.46,0.35,0.1,0.3,DF_only
10.48,0.35,0.1,0.3,DF_only
10.5,0.35,0.1,0.3,DF_only
10.52,0.35,0.1,0.3,DF_only
10.540000000000001,0.35,0.1,0.3,DF_only
10.56,0.35,0.1,0.3,DF_only
10.58,0.35,0.1,0.3,DF_only
10.6,0.35,0.1,0.3,DF_only
10.620000000000001,0.35,0.1,0.3,DF_only
10.64,0.35,0.1,0.3,DF_only
10.66,0.35,0.1,0.3,DF_only
10.68,0.35,0.1,0.3,DF_only
10.700000000000001,0.35,0.1,0.3,DF_only
10.72,0.35,0.1,0.3,DF_only
10.74,0.35,0.1,0.3,DF_only
10.76,0.35,0.1,0.3,DF_only
10.78,0.35,0.1,0.3,DF_only
10.8,0.35,0.1,0.3,DF_only
10.82,0.35,0.1,0.3,DF_only
10.84,0.35,0.1,0.3,DF_only
10.86,0.35,0.1,0.3,DF_only
10.88,0.35,0.1,0.3,DF_only
10.9,0.35,0.1,0.3,DF_only
10.92,0.35,0.1,0.3,DF_only
10.94,0.35,0.1,0.3,DF_only
10.96,0.35,0.1,0.3,DF_only
10.98,0.35,0.1,0.3,DF_only
11.0,0.35,0.1,0.3,DF_only
11.02,0.35,0.1,0.3,DF_only
11.040000000000001,0.35,0.1,0.3,DF_only
11.06,0.35,0.1,0.3,DF_only
11.08,0.35,0.1,0.3,DF_only
11.1,0.35,0.1,0.3,DF_only
11.120000000000001,0.35,0.1,0.3,DF_only
11.14,0.35,0.1,0.3,DF_only
11.16,0.35,0.1,0.3,DF_only
11.18,0.35,0.1,0.3,DF_only
11.200000000000001,0.35,0.1,0.3,DF_only
11.22,0.35,0.1,0.3,DF_only
11.24,0.35,0.1,0.3,DF_only
11.26,0.35,0.1,0.3,DF_only
11.28,0.35,0.1,0.3,DF_only
11.3,0.35,0.1,0.3,DF_only
11.32,0.35,0.1,0.3,DF_only
11.34,0.35,0.1,0.3,DF_only
11.36,0.35,0.1,0.3,DF_only
11.38,0.35,0.1,0.3,DF_only
11.4,0.35,0.1,0.3,DF_only
11.42,0.35,0.1,0.3,DF_only
11.44,0.35,0.1,0.3,DF_only
11.46,0.35,0.1,0.3,DF_only
11.48,0.35,0.1,0.3,DF_only
11.5,0.35,0.1,0.3,DF_only
11.52,0.35,0.1,0.3,DF_only
11.540000000000001,0.35,0.1,0.3,DF_only
11.56,0.35,0.1,0.3,DF_only
11.58,0.35,0.1,0.3,DF_only
11.6,0.35,0.1,0.3,DF_only
11.620000000000001,0.35,0.1,0.3,DF_only
11.64,0.35,0.1,0.3,DF_only
11.66,0.35,0.1,0.3,DF_only
11.68,0.35,0.1,0.3,DF_only
11.700000000000001,0.35,0.1,0.3,DF_only
11.72,0.35,0.1,0.3,DF_only
11.74,0.35,0.1,0.3,DF_only
11.76,0.35,0.1,0.3,DF_only
11.78,0.35,0.1,0.3,DF_only
11.8,0.35,0.1,0.3,DF_only
11.82,0.35,0.1,0.3,DF_only
11.84,0.35,0.1,0.3,DF_only
11.86,0.35,0.1,0.3,DF_only
11.88,0.35,0.1,0.3,DF_only
11.9,0.35,0.1,0.3,DF_only
11.92,0.35,0.1,0.3,DF_only
11.94,0.35,0.1,0.3,DF_only
11.96,0.35,0.1,0.3,DF_only
11.98,0.35,0.1,0.3,DF_only
12.0,0.1,0.1,0.3,base
12.02,0.1,0.1,0.3,base
12.040000000000001,0.1,0.1,0.3,base
12.06,0.1,0.1,0.3,base
12.08,0.1,0.1,0.3,base
12.1,0.1,0.1,0.3,base
12.120000000000001,0.1,0.1,0.3,base
12.14,0.1,0.1,0.3,base
12.16,0.1,0.1,0.3,base
12.18,0.1,0.1,0.3,base
12.200000000000001,0.1,0.1,0.3,base
12.22,0.1,0.1,0.3,base
12.24,0.1,0.1,0.3,base
12.26,0.1,0.1,0.3,base
12.280000000000001,0.1,0.1,0.3,base
12.3,0.1,0.1,0.3,base
12.32,0.1,0.1,0.3,base
12.34,0.1,0.1,0.3,base
12.36,0.1,0.1,0.3,base
12.38,0.1,0.1,0.3,base
12.4,0.1,0.1,0.3,base
12.42,0.1,0.1,0.3,base
12.44,0.1,0.1,0.3,base
12.46,0.1,0.1,0.3,base
12.48,0.1,0.1,0.3,base
12.5,0.1,0.1,0.3,base
12.52,0.1,0.1,0.3,base
12.540000000000001,0.1,0.1,0.3,base
12.56,0.1,0.1,0.3,base
12.58,0.1,0.1,0.3,base
12.6,0.1,0.1,0.3,base
12.620000000000001,0.1,0.1,0.3,base
12.64,0.1,0.1,0.3,base
12.66,0.1,0.1,0.3,base
12.68,0.1,0.1,0.3,base
12.700000000000001,0.1,0.1,0.3,base
12.72,0.1,0.1,0.3,base
12.74,0.1,0.1,0.3,base
12.76,0.1,0.1,0.3,base
12.780000000000001,0.1,0.1,0.3,base
12.8,0.1,0.1,0.3,base
12.82,0.1,0.1,0.3,base
12.84,0.1,0.1,0.3,base
12.86,0.1,0.1,0.3,base
12.88,0.1,0.1,0.3,base
12.9,0.1,0.1,0.3,base
12.92,0.1,0.1,0.3,base
12.94,0.1,0.1,0.3,base
12.96,0.1,0.1,0.3,base
12.98,0.1,0.1,0.3,base
13.0,0.1,0.1,0.3,base
13.02,0.1,0.1,0.3,base
13.040000000000001,0.1,0.1,0.3,base
13.06,0.1,0.1,0.3,base
13.08,0.1,0.1,0.3,base
13.1,0.1,0.1,0.3,base
13.120000000000001,0.1,0.1,0.3,base
13.14,0.1,0.1,0.3,base
13.16,0.1,0.1,0.3,base
13.18,0.1,0.1,0.3,base
13.200000000000001,0.1,0.1,0.3,base
13.22,0.1,0.1,0.3,base
13.24,0.1,0.1,0.3,base
13.26,0.1,0.1,0.3,base
13.280000000000001,0.1,0.1,0.3,base
13.3,0.1,0.1,0.3,base
13.32,0.1,0.1,0.3,base
13.34,0.1,0.1,0.3,base
13.36,0.1,0.1,0.3,base
13.38,0.1,0.1,0.3,base
13.4,0.1,0.1,0.3,base
13.42,0.1,0.1,0.3,base
13.44,0.1,0.1,0.3,base
13.46,0.1,0.1,0.3,base
13.48,0.1,0.1,0.3,base
13.5,0.1,0.1,0.3,base
13.52,0.1,0.1,0.3,base
13.540000000000001,0.1,0.1,0.3,base
13.56,0.1,0.1,0.3,base
13.58,0.1,0.1,0.3,base
13.6,0.1,0.1,0.3,base
13.620000000000001,0.1,0.1,0.3,base
13.64,0.1,0.1,0.3,base
13.66,0.1,0.1,0.3,base
13.68,0.1,0.1,0.3,base
13.700000000000001,0.1,0.1,0.3,base
13.72,0.1,0.1,0.3,base
13.74,0.1,0.1,0.3,base
13.76,0.1,0.1,0.3,base
13.780000000000001,0.1,0.1,0.3,base
13.8,0.1,0.1,0.3,base
13.82,0.1,0.1,0.3,base
13.84,0.1,0.1,0.3,base
13.86,0.1,0.1,0.3,base
13.88,0.1,0.1,0.3,base
13.9,0.1,0.1,0.3,base
13.92,0.1,0.1,0.3,base
13.94,0.1,0.1,0.3,base
13.96,0.1,0.1,0.3,base
13.98,0.1,0.1,0.3,base
14.0,0.1,0.1,0.3,base
14.02,0.1,0.1,0.3,base
14.040000000000001,0.1,0.1,0.3,base
14.06,0.1,0.1,0.3,base
14.08,0.1,0.1,0.3,base
14.1,0.1,0.1,0.3,base
14.120000000000001,0.1,0.1,0.3,base
14.14,0.1,0.1,0.3,base
14.16,0.1,0.1,0.3,base
14.18,0.1,0.1,0.3,base
14.200000000000001,0.1,0.1,0.3,base
14.22,0.1,0.1,0.3,base
14.24,0.1,0.1,0.3,base
14.26,0.1,0.1,0.3,base
14.280000000000001,0.1,0.1,0.3,base
14.3,0.1,0.1,0.3,base
14.32,0.1,0.1,0.3,base
14.34,0.1,0.1,0.3,base
14.36,0.1,0.1,0.3,base
14.38,0.1,0.1,0.3,base
14.4,0.1,0.1,0.3,base
14.42,0.1,0.1,0.3,base
14.44,0.1,0.1,0.3,base
14.46,0.1,0.1,0.3,base
14.48,0.1,0.1,0.3,base
14.5,0.1,0.1,0.3,base
14.52,0.1,0.1,0.3,base
14.540000000000001,0.1,0.1,0.3,base
14.56,0.1,0.1,0.3,base
14.58,0.1,0.1,0.3,base
14.6,0.1,0.1,0.3,base
14.620000000000001,0.1,0.1,0.3,base
14.64,0.1,0.1,0.3,base
14.66,0.1,0.1,0.3,base
14.68,0.1,0.1,0.3,base
14.700000000000001,0.1,0.1,0.3,base
14.72,0.1,0.1,0.3,base
14.74,0.1,0.1,0.3,base
14.76,0.1,0.1,0.3,base
14.780000000000001,0.1,0.1,0.3,base
14.8,0.1,0.1,0.3,base
14.82,0.1,0.1,0.3,base
14.84,0.1,0.1,0.3,base
14.86,0.1,0.1,0.3,base
14.88,0.1,0.1,0.3,base
14.9,0.1,0.1,0.3,base
14.92,0.1,0.1,0.3,base
14.94,0.1,0.1,0.3,base
14.96,0.1,0.1,0.3,base
14.98,0.1,0.1,0.3,base
15.0,0.1,0.1,0.3,base
15.02,0.1,0.1,0.3,base
15.040000000000001,0.1,0.1,0.3,base
15.06,0.1,0.1,0.3,base
15.08,0.1,0.1,0.3,base
15.1,0.1,0.1,0.3,base
15.120000000000001,0.1,0.1,0.3,base
15.14,0.1,0.1,0.3,base
15.16,0.1,0.1,0.3,base
15.18,0.1,0.1,0.3,base
15.200000000000001,0.1,0.1,0.3,base
15.22,0.1,0.1,0.3,base
15.24,0.1,0.1,0.3,base
15.26,0.1,0.1,0.3,base
15.280000000000001,0.1,0.1,0.3,base
15.3,0.1,0.1,0.3,base
15.32,0.1,0.1,0.3,base
15.34,0.1,0.1,0.3,base
15.36,0.1,0.1,0.3,base
15.38,0.1,0.1,0.3,base
15.4,0.1,0.1,0.3,base
15.42,0.1,0.1,0.3,base
15.44,0.1,0.1,0.3,base
15.46,0.1,0.1,0.3,base
15.48,0.1,0.1,0.3,base
15.5,0.1,0.1,0.3,base
15.52,0.1,0.1,0.3,base
15.540000000000001,0.1,0.1,0.3,base
15.56,0.1,0.1,0.3,base
15.58,0.1,0.1,0.3,base
15.6,0.1,0.1,0.3,base
15.620000000000001,0.1,0.1,0.3,base
15.64,0.1,0.1,0.3,base
15.66,0.1,0.1,0.3,base
15.68,0.1,0.1,0.3,base
15.700000000000001,0.1,0.1,0.3,base
15.72,0.1,0.1,0.3,base
15.74,0.1,0.1,0.3,base
15.76,0.1,0.1,0.3,base
15.780000000000001,0.1,0.1,0.3,base
15.8,0.1,0.1,0.3,base
15.82,0.1,0.1,0.3,base
15.84,0.1,0.1,0.3,base
15.860000000000001,0.1,0.1,0.3,base
15.88,0.1,0.1,0.3,base
15.9,0.1,0.1,0.3,base
15.92,0.1,0.1,0.3,base
15.94,0.1,0.1,0.3,base
15.96,0.1,0.1,0.3,base
15.98,0.1,0.1,0.3,base
16.0,0.1,0.1,0.3,base
16.02,0.1,0.1,0.3,base
16.04,0.1,0.1,0.3,base
16.06,0.1,0.1,0.3,base
16.080000000000002,0.1,0.1,0.3,base
16.1,0.1,0.1,0.3,base
16.12,0.1,0.1,0.3,base
16.14,0.1,0.1,0.3,base
16.16,0.1,0.1,0.3,base
16.18,0.1,0.1,0.3,base
16.2,0.1,0.1,0.3,base
16.22,0.1,0.1,0.3,base
16.240000000000002,0.1,0.1,0.3,base
16.26,0.1,0.1,0.3,base
16.28,0.1,0.1,0.3,base
16.3,0.1,0.1,0.3,base
16.32,0.1,0.1,0.3,base
16.34,0.1,0.1,0.3,base
16.36,0.1,0.1,0.3,base
16.38,0.1,0.1,0.3,base
16.4,0.1,0.1,0.3,base
16.42,0.1,0.1,0.3,base
16.44,0.1,0.1,0.3,base
16.46,0.1,0.1,0.3,base
16.48,0.1,0.1,0.3,base
16.5,0.1,0.1,0.3,base
16.52,0.1,0.1,0.3,base
16.54,0.1,0.1,0.3,base
16.56,0.1,0.1,0.3,base
16.580000000000002,0.1,0.1,0.3,base
16.6,0.1,0.1,0.3,base
16.62,0.1,0.1,0.3,base
16.64,0.1,0.1,0.3,base
16.66,0.1,0.1,0.3,base
16.68,0.1,0.1,0.3,base
16.7,0.1,0.1,0.3,base
16.72,0.1,0.1,0.3,base
16.740000000000002,0.1,0.1,0.3,base
16.76,0.1,0.1,0.3,base
16.78,0.1,0.1,0.3,base
16.8,0.1,0.1,0.3,base
16.82,0.1,0.1,0.3,base
16.84,0.1,0.1,0.3,base
16.86,0.1,0.1,0.3,base
16.88,0.1,0.1,0.3,base
16.9,0.1,0.1,0.3,base
16.92,0.1,0.1,0.3,base
16.94,0.1,0.1,0.3,base
16.96,0.1,0.1,0.3,base
16.98,0.1,0.1,0.3,base
17.0,0.1,0.1,0.3,base
17.02,0.1,0.1,0.3,base
17.04,0.1,0.1,0.3,base
17.06,0.1,0.1,0.3,base
17.080000000000002,0.1,0.1,0.3,base
17.1,0.1,0.1,0.3,base
17.12,0.1,0.1,0.3,base
17.14,0.1,0.1,0.3,base
17.16,0.1,0.1,0.3,base
17.18,0.1,0.1,0.3,base
17.2,0.1,0.1,0.3,base
17.22,0.1,0.1,0.3,base
17.240000000000002,0.1,0.1,0.3,base
17.26,0.1,0.1,0.3,base
17.28,0.1,0.1,0.3,base
17.3,0.1,0.1,0.3,base
17.32,0.1,0.1,0.3,base
17.34,0.1,0.1,0.3,base
17.36,0.1,0.1,0.3,base
17.38,0.1,0.1,0.3,base
17.400000000000002,0.1,0.1,0.3,base
17.42,0.1,0.1,0.3,base
17.44,0.1,0.1,0.3,base
17.46,0.1,0.1,0.3,base
17.48,0.1,0.1,0.3,base
17.5,0.1,0.1,0.3,base
17.52,0.1,0.1,0.3,base
17.54,0.1,0.1,0.3,base
17.56,0.1,0.1,0.3,base
17.580000000000002,0.1,0.1,0.3,base
17.6,0.1,0.1,0.3,base
17.62,0.1,0.1,0.3,base
17.64,0.1,0.1,0.3,base
17.66,0.1,0.1,0.3,base
17.68,0.1,0.1,0.3,base
17.7,0.1,0.1,0.3,base
17.72,0.1,0.1,0.3,base
17.740000000000002,0.1,0.1,0.3,base
17.76,0.1,0.1,0.3,base
17.78,0.1,0.1,0.3,base
17.8,0.1,0.1,0.3,base
17.82,0.1,0.1,0.3,base
17.84,0.1,0.1,0.3,base
17.86,0.1,0.1,0.3,base
17.88,0.1,0.1,0.3,base
17.900000000000002,0.1,0.1,0.3,base
17.92,0.1,0.1,0.3,base
17.94,0.1,0.1,0.3,base
17.96,0.1,0.1,0.3,base
17.98,0.1,0.1,0.3,base
18.0,0.1,0.35,0.3,F_only
18.02,0.1,0.35,0.3,F_only
18.04,0.1,0.35,0.3,F_only
18.06,0.1,0.35,0.3,F_only
18.080000000000002,0.1,0.35,0.3,F_only
18.1,0.1,0.35,0.3,F_only
18.12,0.1,0.35,0.3,F_only
18.14,0.1,0.35,0.3,F_only
18.16,0.1,0.35,0.3,F_only
18.18,0.1,0.35,0.3,F_only
18.2,0.1,0.35,0.3,F_only
18.22,0.1,0.35,0.3,F_only
18.240000000000002,0.1,0.35,0.3,F_only
18.26,0.1,0.35,0.3,F_only
18.28,0.1,0.35,0.3,F_only
18.3,0.1,0.35,0.3,F_only
18.32,0.1,0.35,0.3,F_only
18.34,0.1,0.35,0.3,F_only
18.36,0.1,0.35,0.3,F_only
18.38,0.1,0.35,0.3,F_only
18.400000000000002,0.1,0.35,0.3,F_only
18.42,0.1,0.35,0.3,F_only
18.44,0.1,0.35,0.3,F_only
18.46,0.1,0.35,0.3,F_only
18.48,0.1,0.35,0.3,F_only
18.5,0.1,0.35,0.3,F_only
18.52,0.1,0.35,0.3,F_only
18.54,0.1,0.35,0.3,F_only
18.56,0.1,0.35,0.3,F_only
18.580000000000002,0.1,0.35,0.3,F_only
18.6,0.1,0.35,0.3,F_only
18.62,0.1,0.35,0.3,F_only
18.64,0.1,0.35,0.3,F_only
18.66,0.1,0.35,0.3,F_only
18.68,0.1,0.35,0.3,F_only
18.7,0.1,0.35,0.3,F_only
18.72,0.1,0.35,0.3,F_only
18.740000000000002,0.1,0.35,0.3,F_only
18.76,0.1,0.35,0.3,F_only
18.78,0.1,0.35,0.3,F_only
18.8,0.1,0.35,0.3,F_only
18.82,0.1,0.35,0.3,F_only
18.84,0.1,0.35,0.3,F_only
18.86,0.1,0.35,0.3,F_only
18.88,0.1,0.35,0.3,F_only
18.900000000000002,0.1,0.35,0.3,F_only
18.92,0.1,0.35,0.3,F_only
18.94,0.1,0.35,0.3,F_only
18.96,0.1,0.35,0.3,F_only
18.98,0.1,0.35,0.3,F_only
19.0,0.1,0.35,0.3,F_only
19.02,0.1,0.35,0.3,F_only
19.04,0.1,0.35,0.3,F_only
19.06,0.1,0.35,0.3,F_only
19.080000000000002,0.1,0.35,0.3,F_only
19.1,0.1,0.35,0.3,F_only
19.12,0.1,0.35,0.3,F_only
19.14,0.1,0.35,0.3,F_only
19.16,0.1,0.35,0.3,F_only
19.18,0.1,0.35,0.3,F_only
19.2,0.1,0.35,0.3,F_only
19.22,0.1,0.35,0.3,F_only
19.240000000000002,0.1,0.35,0.3,F_only
19.26,0.1,0.35,0.3,F_only
19.28,0.1,0.35,0.3,F_only
19.3,0.1,0.35,0.3,F_only
19.32,0.1,0.35,0.3,F_only
19.34,0.1,0.35,0.3,F_only
19.36,0.1,0.35,0.3,F_only
19.38,0.1,0.35,0.3,F_only
19.400000000000002,0.1,0.35,0.3,F_only
19.42,0.1,0.35,0.3,F_only
19.44,0.1,0.35,0.3,F_only
19.46,0.1,0.35,0.3,F_only
19.48,0.1,0.35,0.3,F_only
19.5,0.1,0.35,0.3,F_only
19.52,0.1,0.35,0.3,F_only
19.54,0.1,0.35,0.3,F_only
19.56,0.1,0.35,0.3,F_only
19.580000000000002,0.1,0.35,0.3,F_only
19.6,0.1,0.35,0.3,F_only
19.62,0.1,0.35,0.3,F_only
19.64,0.1,0.35,0.3,F_only
19.66,0.1,0.35,0.3,F_only
19.68,0.1,0.35,0.3,F_only
19.7,0.1,0.35,0.3,F_only
19.72,0.1,0.35,0.3,F_only
19.740000000000002,0.1,0.35,0.3,F_only
19.76,0.1,0.35,0.3,F_only
19.78,0.1,0.35,0.3,F_only
19.8,0.1,0.35,0.3,F_only
19.82,0.1,0.35,0.3,F_only
19.84,0.1,0.35,0.3,F_only
19.86,0.1,0.35,0.3,F_only
19.88,0.1,0.35,0.3,F_only
19.900000000000002,0.1,0.35,0.3,F_only
19.92,0.1,0.35,0.3,F_only
19.94,0.1,0.35,0.3,F_only
19.96,0.1,0.35,0.3,F_only
19.98,0.1,0.35,0.3,F_only
20.0,0.1,0.35,0.3,F_only
20.02,0.1,0.35,0.3,F_only
20.04,0.1,0.35,0.3,F_only
20.06,0.1,0.35,0.3,F_only
20.080000000000002,0.1,0.35,0.3,F_only
20.1,0.1,0.35,0.3,F_only
20.12,0.1,0.35,0.3,F_only
20.14,0.1,0.35,0.3,F_only
20.16,0.1,0.35,0.3,F_only
20.18,0.1,0.35,0.3,F_only
20.2,0.1,0.35,0.3,F_only
20.22,0.1,0.35,0.3,F_only
20.240000000000002,0.1,0.35,0.3,F_only
20.26,0.1,0.35,0.3,F_only
20.28,0.1,0.35,0.3,F_only
20.3,0.1,0.35,0.3,F_only
20.32,0.1,0.35,0.3,F_only
20.34,0.1,0.35,0.3,F_only
20.36,0.1,0.35,0.3,F_only
20.38,0.1,0.35,0.3,F_only
20.400000000000002,0.1,0.35,0.3,F_only
20.42,0.1,0.35,0.3,F_only
20.44,0.1,0.35,0.3,F_only
20.46,0.1,0.35,0.3,F_only
20.48,0.1,0.35,0.3,F_only
20.5,0.1,0.35,0.3,F_only
20.52,0.1,0.35,0.3,F_only
20.54,0.1,0.35,0.3,F_only
20.56,0.1,0.35,0.3,F_only
20.580000000000002,0.1,0.35,0.3,F_only
20.6,0.1,0.35,0.3,F_only
20.62,0.1,0.35,0.3,F_only
20.64,0.1,0.35,0.3,F_only
20.66,0.1,0.35,0.3,F_only
20.68,0.1,0.35,0.3,F_only
20.7,0.1,0.35,0.3,F_only
20.72,0.1,0.35,0.3,F_only
20.740000000000002,0.1,0.35,0.3,F_only
20.76,0.1,0.35,0.3,F_only
20.78,0.1,0.35,0.3,F_only
20.8,0.1,0.35,0.3,F_only
20.82,0.1,0.35,0.3,F_only
20.84,0.1,0.35,0.3,F_only
20.86,0.1,0.35,0.3,F_only
20.88,0.1,0.35,0.3,F_only
20.900000000000002,0.1,0.35,0.3,F_only
20.92,0.1,0.35,0.3,F_only
20.94,0.1,0.35,0.3,F_only
20.96,0.1,0.35,0.3,F_only
20.98,0.1,0.35,0.3,F_only
21.0,0.1,0.35,0.3,F_only
21.02,0.1,0.35,0.3,F_only
21.04,0.1,0.35,0.3,F_only
21.06,0.1,0.35,0.3,F_only
21.080000000000002,0.1,0.35,0.3,F_only
21.1,0.1,0.35,0.3,F_only
21.12,0.1,0.35,0.3,F_only
21.14,0.1,0.35,0.3,F_only
21.16,0.1,0.35,0.3,F_only
21.18,0.1,0.35,0.3,F_only
21.2,0.1,0.35,0.3,F_only
21.22,0.1,0.35,0.3,F_only
21.240000000000002,0.1,0.35,0.3,F_only
21.26,0.1,0.35,0.3,F_only
21.28,0.1,0.35,0.3,F_only
21.3,0.1,0.35,0.3,F_only
21.32,0.1,0.35,0.3,F_only
21.34,0.1,0.35,0.3,F_only
21.36,0.1,0.35,0.3,F_only
21.38,0.1,0.35,0.3,F_only
21.400000000000002,0.1,0.35,0.3,F_only
21.42,0.1,0.35,0.3,F_only
21.44,0.1,0.35,0.3,F_only
21.46,0.1,0.35,0.3,F_only
21.48,0.1,0.35,0.3,F_only
21.5,0.1,0.35,0.3,F_only
21.52,0.1,0.35,0.3,F_only
21.54,0.1,0.35,0.3,F_only
21.56,0.1,0.35,0.3,F_only
21.580000000000002,0.1,0.35,0.3,F_only
21.6,0.1,0.35,0.3,F_only
21.62,0.1,0.35,0.3,F_only
21.64,0.1,0.35,0.3,F_only
21.66,0.1,0.35,0.3,F_only
21.68,0.1,0.35,0.3,F_only
21.7,0.1,0.35,0.3,F_only
21.72,0.1,0.35,0.3,F_only
21.740000000000002,0.1,0.35,0.3,F_only
21.76,0.1,0.35,0.3,F_only
21.78,0.1,0.35,0.3,F_only
21.8,0.1,0.35,0.3,F_only
21.82,0.1,0.35,0.3,F_only
21.84,0.1,0.35,0.3,F_only
21.86,0.1,0.35,0.3,F_only
21.88,0.1,0.35,0.3,F_only
21.900000000000002,0.1,0.35,0.3,F_only
21.92,0.1,0.35,0.3,F_only
21.94,0.1,0.35,0.3,F_only
21.96,0.1,0.35,0.3,F_only
21.98,0.1,0.35,0.3,F_only
22.0,0.1,0.35,0.3,F_only
22.02,0.1,0.35,0.3,F_only
22.04,0.1,0.35,0.3,F_only
22.06,0.1,0.35,0.3,F_only
22.080000000000002,0.1,0.35,0.3,F_only
22.1,0.1,0.35,0.3,F_only
22.12,0.1,0.35,0.3,F_only
22.14,0.1,0.35,0.3,F_only
22.16,0.1,0.35,0.3,F_only
22.18,0.1,0.35,0.3,F_only
22.2,0.1,0.35,0.3,F_only
22.22,0.1,0.35,0.3,F_only
22.240000000000002,0.1,0.35,0.3,F_only
22.26,0.1,0.35,0.3,F_only
22.28,0.1,0.35,0.3,F_only
22.3,0.1,0.35,0.3,F_only
22.32,0.1,0.35,0.3,F_only
22.34,0.1,0.35,0.3,F_only
22.36,0.1,0.35,0.3,F_only
22.38,0.1,0.35,0.3,F_only
22.400000000000002,0.1,0.35,0.3,F_only
22.42,0.1,0.35,0.3,F_only
22.44,0.1,0.35,0.3,F_only
22.46,0.1,0.35,0.3,F_only
22.48,0.1,0.35,0.3,F_only
22.5,0.1,0.35,0.3,F_only
22.52,0.1,0.35,0.3,F_only
22.54,0.1,0.35,0.3,F_only
22.56,0.1,0.35,0.3,F_only
22.580000000000002,0.1,0.35,0.3,F_only
22.6,0.1,0.35,0.3,F_only
22.62,0.1,0.35,0.3,F_only
22.64,0.1,0.35,0.3,F_only
22.66,0.1,0.35,0.3,F_only
22.68,0.1,0.35,0.3,F_only
22.7,0.1,0.35,0.3,F_only
22.72,0.1,0.35,0.3,F_only
22.740000000000002,0.1,0.35,0.3,F_only
22.76,0.1,0.35,0.3,F_only
22.78,0.1,0.35,0.3,F_only
22.8,0.1,0.35,0.3,F_only
22.82,0.1,0.35,0.3,F_only
22.84,0.1,0.35,0.3,F_only
22.86,0.1,0.35,0.3,F_only
22.88,0.1,0.35,0.3,F_only
22.900000000000002,0.1,0.35,0.3,F_only
22.92,0.1,0.35,0.3,F_only
22.94,0.1,0.35,0.3,F_only
22.96,0.1,0.35,0.3,F_only
22.98,0.1,0.35,0.3,F_only
23.0,0.1,0.35,0.3,F_only
23.02,0.1,0.35,0.3,F_only
23.04,0.1,0.35,0.3,F_only
23.06,0.1,0.35,0.3,F_only
23.080000000000002,0.1,0.35,0.3,F_only
23.1,0.1,0.35,0.3,F_only
23.12,0.1,0.35,0.3,F_only
23.14,0.1,0.35,0.3,F_only
23.16,0.1,0.35,0.3,F_only
23.18,0.1,0.35,0.3,F_only
23.2,0.1,0.35,0.3,F_only
23.22,0.1,0.35,0.3,F_only
23.240000000000002,0.1,0.35,0.3,F_only
23.26,0.1,0.35,0.3,F_only
23.28,0.1,0.35,0.3,F_only
23.3,0.1,0.35,0.3,F_only
23.32,0.1,0.35,0.3,F_only
23.34,0.1,0.35,0.3,F_only
23.36,0.1,0.35,0.3,F_only
23.38,0.1,0.35,0.3,F_only
23.400000000000002,0.1,0.35,0.3,F_only
23.42,0.1,0.35,0.3,F_only
23.44,0.1,0.35,0.3,F_only
23.46,0.1,0.35,0.3,F_only
23.48,0.1,0.35,0.3,F_only
23.5,0.1,0.35,0.3,F_only
23.52,0.1,0.35,0.3,F_only
23.54,0.1,0.35,0.3,F_only
23.56,0.1,0.35,0.3,F_only
23.580000000000002,0.1,0.35,0.3,F_only
23.6,0.1,0.35,0.3,F_only
23.62,0.1,0.35,0.3,F_only
23.64,0.1,0.35,0.3,F_only
23.66,0.1,0.35,0.3,F_only
23.68,0.1,0.35,0.3,F_only
23.7,0.1,0.35,0.3,F_only
23.72,0.1,0.35,0.3,F_only
23.740000000000002,0.1,0.35,0.3,F_only
23.76,0.1,0.35,0.3,F_only
23.78,0.1,0.35,0.3,F_only
23.8,0.1,0.35,0.3,F_only
23.82,0.1,0.35,0.3,F_only
23.84,0.1,0.35,0.3,F_only
23.86,0.1,0.35,0.3,F_only
23.88,0.1,0.35,0.3,F_only
23.900000000000002,0.1,0.35,0.3,F_only
23.92,0.1,0.35,0.3,F_only
23.94,0.1,0.35,0.3,F_only
23.96,0.1,0.35,0.3,F_only
23.98,0.1,0.35,0.3,F_only
24.0,0.1,0.1,0.3,base
24.02,0.1,0.1,0.3,base
24.04,0.1,0.1,0.3,base
24.060000000000002,0.1,0.1,0.3,base
24.080000000000002,0.1,0.1,0.3,base
24.1,0.1,0.1,0.3,base
24.12,0.1,0.1,0.3,base
24.14,0.1,0.1,0.3,base
24.16,0.1,0.1,0.3,base
24.18,0.1,0.1,0.3,base
24.2,0.1,0.1,0.3,base
24.22,0.1,0.1,0.3,base
24.240000000000002,0.1,0.1,0.3,base
24.26,0.1,0.1,0.3,base
24.28,0.1,0.1,0.3,base
24.3,0.1,0.1,0.3,base
24.32,0.1,0.1,0.3,base
24.34,0.1,0.1,0.3,base
24.36,0.1,0.1,0.3,base
24.38,0.1,0.1,0.3,base
24.400000000000002,0.1,0.1,0.3,base
24.42,0.1,0.1,0.3,base
24.44,0.1,0.1,0.3,base
24.46,0.1,0.1,0.3,base
24.48,0.1,0.1,0.3,base
24.5,0.1,0.1,0.3,base
24.52,0.1,0.1,0.3,base
24.54,0.1,0.1,0.3,base
24.560000000000002,0.1,0.1,0.3,base
24.580000000000002,0.1,0.1,0.3,base
24.6,0.1,0.1,0.3,base
24.62,0.1,0.1,0.3,base
24.64,0.1,0.1,0.3,base
24.66,0.1,0.1,0.3,base
24.68,0.1,0.1,0.3,base
24.7,0.1,0.1,0.3,base
24.72,0.1,0.1,0.3,base
24.740000000000002,0.1,0.1,0.3,base
24.76,0.1,0.1,0.3,base
24.78,0.1,0.1,0.3,base
24.8,0.1,0.1,0.3,base
24.82,0.1,0.1,0.3,base
24.84,0.1,0.1,0.3,base
24.86,0.1,0.1,0.3,base
24.88,0.1,0.1,0.3,base
24.900000000000002,0.1,0.1,0.3,base
24.92,0.1,0.1,0.3,base
24.94,0.1,0.1,0.3,base
24.96,0.1,0.1,0.3,base
24.98,0.1,0.1,0.3,base
25.0,0.1,0.1,0.3,base
25.02,0.1,0.1,0.3,base
25.04,0.1,0.1,0.3,base
25.060000000000002,0.1,0.1,0.3,base
25.080000000000002,0.1,0.1,0.3,base
25.1,0.1,0.1,0.3,base
25.12,0.1,0.1,0.3,base
25.14,0.1,0.1,0.3,base
25.16,0.1,0.1,0.3,base
25.18,0.1,0.1,0.3,base
25.2,0.1,0.1,0.3,base
25.22,0.1,0.1,0.3,base
25.240000000000002,0.1,0.1,0.3,base
25.26,0.1,0.1,0.3,base
25.28,0.1,0.1,0.3,base
25.3,0.1,0.1,0.3,base
25.32,0.1,0.1,0.3,base
25.34,0.1,0.1,0.3,base
25.36,0.1,0.1,0.3,base
25.38,0.1,0.1,0.3,base
25.400000000000002,0.1,0.1,0.3,base
25.42,0.1,0.1,0.3,base
25.44,0.1,0.1,0.3,base
25.46,0.1,0.1,0.3,base
25.48,0.1,0.1,0.3,base
25.5,0.1,0.1,0.3,base
25.52,0.1,0.1,0.3,base
25.54,0.1,0.1,0.3,base
25.560000000000002,0.1,0.1,0.3,base
25.580000000000002,0.1,0.1,0.3,base
25.6,0.1,0.1,0.3,base
25.62,0.1,0.1,0.3,base
25.64,0.1,0.1,0.3,base
25.66,0.1,0.1,0.3,base
25.68,0.1,0.1,0.3,base
25.7,0.1,0.1,0.3,base
25.72,0.1,0.1,0.3,base
25.740000000000002,0.1,0.1,0.3,base
25.76,0.1,0.1,0.3,base
25.78,0.1,0.1,0.3,base
25.8,0.1,0.1,0.3,base
25.82,0.1,0.1,0.3,base
25.84,0.1,0.1,0.3,base
25.86,0.1,0.1,0.3,base
25.88,0.1,0.1,0.3,base
25.900000000000002,0.1,0.1,0.3,base
25.92,0.1,0.1,0.3,base
25.94,0.1,0.1,0.3,base
25.96,0.1,0.1,0.3,base
25.98,0.1,0.1,0.3,base
26.0,0.1,0.1,0.3,base
26.02,0.1,0.1,0.3,base
26.04,0.1,0.1,0.3,base
26.060000000000002,0.1,0.1,0.3,base
26.080000000000002,0.1,0.1,0.3,base
26.1,0.1,0.1,0.3,base
26.12,0.1,0.1,0.3,base
26.14,0.1,0.1,0.3,base
26.16,0.1,0.1,0.3,base
26.18,0.1,0.1,0.3,base
26.2,0.1,0.1,0.3,base
26.22,0.1,0.1,0.3,base
26.240000000000002,0.1,0.1,0.3,base
26.26,0.1,0.1,0.3,base
26.28,0.1,0.1,0.3,base
26.3,0.1,0.1,0.3,base
26.32,0.1,0.1,0.3,base
26.34,0.1,0.1,0.3,base
26.36,0.1,0.1,0.3,base
26.38,0.1,0.1,0.3,base
26.400000000000002,0.1,0.1,0.3,base
26.42,0.1,0.1,0.3,base
26.44,0.1,0.1,0.3,base
26.46,0.1,0.1,0.3,base
26.48,0.1,0.1,0.3,base
26.5,0.1,0.1,0.3,base
26.52,0.1,0.1,0.3,base
26.54,0.1,0.1,0.3,base
26.560000000000002,0.1,0.1,0.3,base
26.580000000000002,0.1,0.1,0.3,base
26.6,0.1,0.1,0.3,base
26.62,0.1,0.1,0.3,base
26.64,0.1,0.1,0.3,base
26.66,0.1,0.1,0.3,base
26.68,0.1,0.1,0.3,base
26.7,0.1,0.1,0.3,base
26.72,0.1,0.1,0.3,base
26.740000000000002,0.1,0.1,0.3,base
26.76,0.1,0.1,0.3,base
26.78,0.1,0.1,0.3,base
26.8,0.1,0.1,0.3,base
26.82,0.1,0.1,0.3,base
26.84,0.1,0.1,0.3,base
26.86,0.1,0.1,0.3,base
26.88,0.1,0.1,0.3,base
26.900000000000002,0.1,0.1,0.3,base
26.92,0.1,0.1,0.3,base
26.94,0.1,0.1,0.3,base
26.96,0.1,0.1,0.3,base
26.98,0.1,0.1,0.3,base
27.0,0.1,0.1,0.3,base
27.02,0.1,0.1,0.3,base
27.04,0.1,0.1,0.3,base
27.060000000000002,0.1,0.1,0.3,base
27.080000000000002,0.1,0.1,0.3,base
27.1,0.1,0.1,0.3,base
27.12,0.1,0.1,0.3,base
27.14,0.1,0.1,0.3,base
27.16,0.1,0.1,0.3,base
27.18,0.1,0.1,0.3,base
27.2,0.1,0.1,0.3,base
27.22,0.1,0.1,0.3,base
27.240000000000002,0.1,0.1,0.3,base
27.26,0.1,0.1,0.3,base
27.28,0.1,0.1,0.3,base
27.3,0.1,0.1,0.3,base
27.32,0.1,0.1,0.3,base
27.34,0.1,0.1,0.3,base
27.36,0.1,0.1,0.3,base
27.38,0.1,0.1,0.3,base
27.400000000000002,0.1,0.1,0.3,base
27.42,0.1,0.1,0.3,base
27.44,0.1,0.1,0.3,base
27.46,0.1,0.1,0.3,base
27.48,0.1,0.1,0.3,base
27.5,0.1,0.1,0.3,base
27.52,0.1,0.1,0.3,base
27.54,0.1,0.1,0.3,base
27.560000000000002,0.1,0.1,0.3,base
27.580000000000002,0.1,0.1,0.3,base
27.6,0.1,0.1,0.3,base
27.62,0.1,0.1,0.3,base
27.64,0.1,0.1,0.3,base
27.66,0.1,0.1,0.3,base
27.68,0.1,0.1,0.3,base
27.7,0.1,0.1,0.3,base
27.72,0.1,0.1,0.3,base
27.740000000000002,0.1,0.1,0.3,base
27.76,0.1,0.1,0.3,base
27.78,0.1,0.1,0.3,base
27.8,0.1,0.1,0.3,base
27.82,0.1,0.1,0.3,base
27.84,0.1,0.1,0.3,base
27.86,0.1,0.1,0.3,base
27.88,0.1,0.1,0.3,base
27.900000000000002,0.1,0.1,0.3,base
27.92,0.1,0.1,0.3,base
27.94,0.1,0.1,0.3,base
27.96,0.1,0.1,0.3,base
27.98,0.1,0.1,0.3,base
28.0,0.1,0.1,0.3,base
28.02,0.1,0.1,0.3,base
28.04,0.1,0.1,0.3,base
28.060000000000002,0.1,0.1,0.3,base
28.080000000000002,0.1,0.1,0.3,base
28.1,0.1,0.1,0.3,base
28.12,0.1,0.1,0.3,base
28.14,0.1,0.1,0.3,base
28.16,0.1,0.1,0.3,base
28.18,0.1,0.1,0.3,base
28.2,0.1,0.1,0.3,base
28.22,0.1,0.1,0.3,base
28.240000000000002,0.1,0.1,0.3,base
28.26,0.1,0.1,0.3,base
28.28,0.1,0.1,0.3,base
28.3,0.1,0.1,0.3,base
28.32,0.1,0.1,0.3,base
28.34,0.1,0.1,0.3,base
28.36,0.1,0.1,0.3,base
28.38,0.1,0.1,0.3,base
28.400000000000002,0.1,0.1,0.3,base
28.42,0.1,0.1,0.3,base
28.44,0.1,0.1,0.3,base
28.46,0.1,0.1,0.3,base
28.48,0.1,0.1,0.3,base
28.5,0.1,0.1,0.3,base
28.52,0.1,0.1,0.3,base
28.54,0.1,0.1,0.3,base
28.560000000000002,0.1,0.1,0.3,base
28.580000000000002,0.1,0.1,0.3,base
28.6,0.1,0.1,0.3,base
28.62,0.1,0.1,0.3,base
28.64,0.1,0.1,0.3,base
28.66,0.1,0.1,0.3,base
28.68,0.1,0.1,0.3,base
28.7,0.1,0.1,0.3,base
28.72,0.1,0.1,0.3,base
28.740000000000002,0.1,0.1,0.3,base
28.76,0.1,0.1,0.3,base
28.78,0.1,0.1,0.3,base
28.8,0.1,0.1,0.3,base
28.82,0.1,0.1,0.3,base
28.84,0.1,0.1,0.3,base
28.86,0.1,0.1,0.3,base
28.88,0.1,0.1,0.3,base
28.900000000000002,0.1,0.1,0.3,base
28.92,0.1,0.1,0.3,base
28.94,0.1,0.1,0.3,base
28.96,0.1,0.1,0.3,base
28.98,0.1,0.1,0.3,base
29.0,0.1,0.1,0.3,base
29.02,0.1,0.1,0.3,base
29.04,0.1,0.1,0.3,base
29.060000000000002,0.1,0.1,0.3,base
29.080000000000002,0.1,0.1,0.3,base
29.1,0.1,0.1,0.3,base
29.12,0.1,0.1,0.3,base
29.14,0.1,0.1,0.3,base
29.16,0.1,0.1,0.3,base
29.18,0.1,0.1,0.3,base
29.2,0.1,0.1,0.3,base
29.22,0.1,0.1,0.3,base
29.240000000000002,0.1,0.1,0.3,base
29.26,0.1,0.1,0.3,base
29.28,0.1,0.1,0.3,base
29.3,0.1,0.1,0.3,base
29.32,0.1,0.1,0.3,base
29.34,0.1,0.1,0.3,base
29.36,0.1,0.1,0.3,base
29.38,0.1,0.1,0.3,base
29.400000000000002,0.1,0.1,0.3,base
29.42,0.1,0.1,0.3,base
29.44,0.1,0.1,0.3,base
29.46,0.1,0.1,0.3,base
29.48,0.1,0.1,0.3,base
29.5,0.1,0.1,0.3,base
29.52,0.1,0.1,0.3,base
29.54,0.1,0.1,0.3,base
29.560000000000002,0.1,0.1,0.3,base
29.580000000000002,0.1,0.1,0.3,base
29.6,0.1,0.1,0.3,base
29.62,0.1,0.1,0.3,base
29.64,0.1,0.1,0.3,base
29.66,0.1,0.1,0.3,base
29.68,0.1,0.1,0.3,base
29.7,0.1,0.1,0.3,base
29.72,0.1,0.1,0.3,base
29.740000000000002,0.1,0.1,0.3,base
29.76,0.1,0.1,0.3,base
29.78,0.1,0.1,0.3,base
29.8,0.1,0.1,0.3,base
29.82,0.1,0.1,0.3,base
29.84,0.1,0.1,0.3,base
29.86,0.1,0.1,0.3,base
29.88,0.1,0.1,0.3,base
29.900000000000002,0.1,0.1,0.3,base
29.92,0.1,0.1,0.3,base
29.94,0.1,0.1,0.3,base
29.96,0.1,0.1,0.3,base
29.98,0.1,0.1,0.3,base
30.0,0.1,0.1,0.4,G_up
30.02,0.1,0.1,0.4,G_up
30.04,0.1,0.1,0.4,G_up
30.060000000000002,0.1,0.1,0.4,G_up
30.080000000000002,0.1,0.1,0.4,G_up
30.1,0.1,0.1,0.4,G_up
30.12,0.1,0.1,0.4,G_up
30.14,0.1,0.1,0.4,G_up
30.16,0.1,0.1,0.4,G_up
30.18,0.1,0.1,0.4,G_up
30.2,0.1,0.1,0.4,G_up
30.22,0.1,0.1,0.4,G_up
30.240000000000002,0.1,0.1,0.4,G_up
30.26,0.1,0.1,0.4,G_up
30.28,0.1,0.1,0.4,G_up
30.3,0.1,0.1,0.4,G_up
30.32,0.1,0.1,0.4,G_up
30.34,0.1,0.1,0.4,G_up
30.36,0.1,0.1,0.4,G_up
30.38,0.1,0.1,0.4,G_up
30.400000000000002,0.1,0.1,0.4,G_up
30.42,0.1,0.1,0.4,G_up
30.44,0.1,0.1,0.4,G_up
30.46,0.1,0.1,0.4,G_up
30.48,0.1,0.1,0.4,G_up
30.5,0.1,0.1,0.4,G_up
30.52,0.1,0.1,0.4,G_up
30.54,0.1,0.1,0.4,G_up
30.560000000000002,0.1,0.1,0.4,G_up
30.580000000000002,0.1,0.1,0.4,G_up
30.6,0.1,0.1,0.4,G_up
30.62,0.1,0.1,0.4,G_up
30.64,0.1,0.1,0.4,G_up
30.66,0.1,0.1,0.4,G_up
30.68,0.1,0.1,0.4,G_up
30.7,0.1,0.1,0.4,G_up
30.72,0.1,0.1,0.4,G_up
30.740000000000002,0.1,0.1,0.4,G_up
30.76,0.1,0.1,0.4,G_up
30.78,0.1,0.1,0.4,G_up
30.8,0.1,0.1,0.4,G_up
30.82,0.1,0.1,0.4,G_up
30.84,0.1,0.1,0.4,G_up
30.86,0.1,0.1,0.4,G_up
30.88,0.1,0.1,0.4,G_up
30.900000000000002,0.1,0.1,0.4,G_up
30.92,0.1,0.1,0.4,G_up
30.94,0.1,0.1,0.4,G_up
30.96,0.1,0.1,0.4,G_up
30.98,0.1,0.1,0.4,G_up
31.0,0.1,0.1,0.4,G_up
31.02,0.1,0.1,0.4,G_up
31.04,0.1,0.1,0.4,G_up
31.060000000000002,0.1,0.1,0.4,G_up
31.080000000000002,0.1,0.1,0.4,G_up
31.1,0.1,0.1,0.4,G_up
31.12,0.1,0.1,0.4,G_up
31.14,0.1,0.1,0.4,G_up
31.16,0.1,0.1,0.4,G_up
31.18,0.1,0.1,0.4,G_up
31.2,0.1,0.1,0.4,G_up
31.220000000000002,0.1,0.1,0.4,G_up
31.240000000000002,0.1,0.1,0.4,G_up
31.26,0.1,0.1,0.4,G_up
31.28,0.1,0.1,0.4,G_up
31.3,0.1,0.1,0.4,G_up
31.32,0.1,0.1,0.4,G_up
31.34,0.1,0.1,0.4,G_up
31.36,0.1,0.1,0.4,G_up
31.38,0.1,0.1,0.4,G_up
31.400000000000002,0.1,0.1,0.4,G_up
31.42,0.1,0.1,0.4,G_up
31.44,0.1,0.1,0.4,G_up
31.46,0.1,0.1,0.4,G_up
31.48,0.1,0.1,0.4,G_up
31.5,0.1,0.1,0.4,G_up
31.52,0.1,0.1,0.4,G_up
31.54,0.1,0.1,0.4,G_up
31.560000000000002,0.1,0.1,0.4,G_up
31.580000000000002,0.1,0.1,0.4,G_up
31.6,0.1,0.1,0.4,G_up
31.62,0.1,0.1,0.4,G_up
31.64,0.1,0.1,0.4,G_up
31.66,0.1,0.1,0.4,G_up
31.68,0.1,0.1,0.4,G_up
31.7,0.1,0.1,0.4,G_up
31.720000000000002,0.1,0.1,0.4,G_up
31.740000000000002,0.1,0.1,0.4,G_up
31.76,0.1,0.1,0.4,G_up
31.78,0.1,0.1,0.4,G_up
31.8,0.1,0.1,0.4,G_up
31.82,0.1,0.1,0.4,G_up
31.84,0.1,0.1,0.4,G_up
31.86,0.1,0.1,0.4,G_up
31.88,0.1,0.1,0.4,G_up
31.900000000000002,0.1,0.1,0.4,G_up
31.92,0.1,0.1,0.4,G_up
31.94,0.1,0.1,0.4,G_up
31.96,0.1,0.1,0.4,G_up
31.98,0.1,0.1,0.4,G_up
32.0,0.1,0.1,0.4,G_up
32.02,0.1,0.1,0.4,G_up
32.04,0.1,0.1,0.4,G_up
32.06,0.1,0.1,0.4,G_up
32.08,0.1,0.1,0.4,G_up
32.1,0.1,0.1,0.4,G_up
32.12,0.1,0.1,0.4,G_up
32.14,0.1,0.1,0.4,G_up
32.160000000000004,0.1,0.1,0.4,G_up
32.18,0.1,0.1,0.4,G_up
32.2,0.1,0.1,0.4,G_up
32.22,0.1,0.1,0.4,G_up
32.24,0.1,0.1,0.4,G_up
32.26,0.1,0.1,0.4,G_up
32.28,0.1,0.1,0.4,G_up
32.3,0.1,0.1,0.4,G_up
32.32,0.1,0.1,0.4,G_up
32.34,0.1,0.1,0.4,G_up
32.36,0.1,0.1,0.4,G_up
32.38,0.1,0.1,0.4,G_up
32.4,0.1,0.1,0.4,G_up
32.42,0.1,0.1,0.4,G_up
32.44,0.1,0.1,0.4,G_up
32.46,0.1,0.1,0.4,G_up
32.480000000000004,0.1,0.1,0.4,G_up
32.5,0.1,0.1,0.4,G_up
32.52,0.1,0.1,0.4,G_up
32.54,0.1,0.1,0.4,G_up
32.56,0.1,0.1,0.4,G_up
32.58,0.1,0.1,0.4,G_up
32.6,0.1,0.1,0.4,G_up
32.62,0.1,0.1,0.4,G_up
32.64,0.1,0.1,0.4,G_up
32.660000000000004,0.1,0.1,0.4,G_up
32.68,0.1,0.1,0.4,G_up
32.7,0.1,0.1,0.4,G_up
32.72,0.1,0.1,0.4,G_up
32.74,0.1,0.1,0.4,G_up
32.76,0.1,0.1,0.4,G_up
32.78,0.1,0.1,0.4,G_up
32.8,0.1,0.1,0.4,G_up
32.82,0.1,0.1,0.4,G_up
32.84,0.1,0.1,0.4,G_up
32.86,0.1,0.1,0.4,G_up
32.88,0.1,0.1,0.4,G_up
32.9,0.1,0.1,0.4,G_up
32.92,0.1,0.1,0.4,G_up
32.94,0.1,0.1,0.4,G_up
32.96,0.1,0.1,0.4,G_up
32.980000000000004,0.1,0.1,0.4,G_up
33.0,0.1,0.1,0.4,G_up
33.02,0.1,0.1,0.4,G_up
33.04,0.1,0.1,0.4,G_up
33.06,0.1,0.1,0.4,G_up
33.08,0.1,0.1,0.4,G_up
33.1,0.1,0.1,0.4,G_up
33.12,0.1,0.1,0.4,G_up
33.14,0.1,0.1,0.4,G_up
33.160000000000004,0.1,0.1,0.4,G_up
33.18,0.1,0.1,0.4,G_up
33.2,0.1,0.1,0.4,G_up
33.22,0.1,0.1,0.4,G_up
33.24,0.1,0.1,0.4,G_up
33.26,0.1,0.1,0.4,G_up
33.28,0.1,0.1,0.4,G_up
33.3,0.1,0.1,0.4,G_up
33.32,0.1,0.1,0.4,G_up
33.34,0.1,0.1,0.4,G_up
33.36,0.1,0.1,0.4,G_up
33.38,0.1,0.1,0.4,G_up
33.4,0.1,0.1,0.4,G_up
33.42,0.1,0.1,0.4,G_up
33.44,0.1,0.1,0.4,G_up
33.46,0.1,0.1,0.4,G_up
33.480000000000004,0.1,0.1,0.4,G_up
33.5,0.1,0.1,0.4,G_up
33.52,0.1,0.1,0.4,G_up
33.54,0.1,0.1,0.4,G_up
33.56,0.1,0.1,0.4,G_up
33.58,0.1,0.1,0.4,G_up
33.6,0.1,0.1,0.4,G_up
33.62,0.1,0.1,0.4,G_up
33.64,0.1,0.1,0.4,G_up
33.660000000000004,0.1,0.1,0.4,G_up
33.68,0.1,0.1,0.4,G_up
33.7,0.1,0.1,0.4,G_up
33.72,0.1,0.1,0.4,G_up
33.74,0.1,0.1,0.4,G_up
33.76,0.1,0.1,0.4,G_up
33.78,0.1,0.1,0.4,G_up
33.8,0.1,0.1,0.4,G_up
33.82,0.1,0.1,0.4,G_up
33.84,0.1,0.1,0.4,G_up
33.86,0.1,0.1,0.4,G_up
33.88,0.1,0.1,0.4,G_up
33.9,0.1,0.1,0.4,G_up
33.92,0.1,0.1,0.4,G_up
33.94,0.1,0.1,0.4,G_up
33.96,0.1,0.1,0.4,G_up
33.980000000000004,0.1,0.1,0.4,G_up
34.0,0.1,0.1,0.4,G_up
34.02,0.1,0.1,0.4,G_up
34.04,0.1,0.1,0.4,G_up
34.06,0.1,0.1,0.4,G_up
34.08,0.1,0.1,0.4,G_up
34.1,0.1,0.1,0.4,G_up
34.12,0.1,0.1,0.4,G_up
34.14,0.1,0.1,0.4,G_up
34.160000000000004,0.1,0.1,0.4,G_up
34.18,0.1,0.1,0.4,G_up
34.2,0.1,0.1,0.4,G_up
34.22,0.1,0.1,0.4,G_up
34.24,0.1,0.1,0.4,G_up
34.26,0.1,0.1,0.4,G_up
34.28,0.1,0.1,0.4,G_up
34.300000000000004,0.1,0.1,0.4,G_up
34.32,0.1,0.1,0.4,G_up
34.34,0.1,0.1,0.4,G_up
34.36,0.1,0.1,0.4,G_up
34.38,0.1,0.1,0.4,G_up
34.4,0.1,0.1,0.4,G_up
34.42,0.1,0.1,0.4,G_up
34.44,0.1,0.1,0.4,G_up
34.46,0.1,0.1,0.4,G_up
34.480000000000004,0.1,0.1,0.4,G_up
34.5,0.1,0.1,0.4,G_up
34.52,0.1,0.1,0.4,G_up
34.54,0.1,0.1,0.4,G_up
34.56,0.1,0.1,0.4,G_up
34.58,0.1,0.1,0.4,G_up
34.6,0.1,0.1,0.4,G_up
34.62,0.1,0.1,0.4,G_up
34.64,0.1,0.1,0.4,G_up
34.660000000000004,0.1,0.1,0.4,G_up
34.68,0.1,0.1,0.4,G_up
34.7,0.1,0.1,0.4,G_up
34.72,0.1,0.1,0.4,G_up
34.74,0.1,0.1,0.4,G_up
34.76,0.1,0.1,0.4,G_up
34.78,0.1,0.1,0.4,G_up
34.800000000000004,0.1,0.1,0.4,G_up
34.82,0.1,0.1,0.4,G_up
34.84,0.1,0.1,0.4,G_up
34.86,0.1,0.1,0.4,G_up
34.88,0.1,0.1,0.4,G_up
34.9,0.1,0.1,0.4,G_up
34.92,0.1,0.1,0.4,G_up
34.94,0.1,0.1,0.4,G_up
34.96,0.1,0.1,0.4,G_up
34.980000000000004,0.1,0.1,0.4,G_up
35.0,0.1,0.1,0.4,G_up
35.02,0.1,0.1,0.4,G_up
35.04,0.1,0.1,0.4,G_up
35.06,0.1,0.1,0.4,G_up
35.08,0.1,0.1,0.4,G_up
35.1,0.1,0.1,0.4,G_up
35.12,0.1,0.1,0.4,G_up
35.14,0.1,0.1,0.4,G_up
35.160000000000004,0.1,0.1,0.4,G_up
35.18,0.1,0.1,0.4,G_up
35.2,0.1,0.1,0.4,G_up
35.22,0.1,0.1,0.4,G_up
35.24,0.1,0.1,0.4,G_up
35.26,0.1,0.1,0.4,G_up
35.28,0.1,0.1,0.4,G_up
35.300000000000004,0.1,0.1,0.4,G_up
35.32,0.1,0.1,0.4,G_up
35.34,0.1,0.1,0.4,G_up
35.36,0.1,0.1,0.4,G_up
35.38,0.1,0.1,0.4,G_up
35.4,0.1,0.1,0.4,G_up
35.42,0.1,0.1,0.4,G_up
35.44,0.1,0.1,0.4,G_up
35.46,0.1,0.1,0.4,G_up
35.480000000000004,0.1,0.1,0.4,G_up
35.5,0.1,0.1,0.4,G_up
35.52,0.1,0.1,0.4,G_up
35.54,0.1,0.1,0.4,G_up
35.56,0.1,0.1,0.4,G_up
35.58,0.1,0.1,0.4,G_up
35.6,0.1,0.1,0.4,G_up
35.62,0.1,0.1,0.4,G_up
35.64,0.1,0.1,0.4,G_up
35.660000000000004,0.1,0.1,0.4,G_up
35.68,0.1,0.1,0.4,G_up
35.7,0.1,0.1,0.4,G_up
35.72,0.1,0.1,0.4,G_up
35.74,0.1,0.1,0.4,G_up
35.76,0.1,0.1,0.4,G_up
35.78,0.1,0.1,0.4,G_up
35.800000000000004,0.1,0.1,0.4,G_up
35.82,0.1,0.1,0.4,G_up
35.84,0.1,0.1,0.4,G_up
35.86,0.1,0.1,0.4,G_up
35.88,0.1,0.1,0.4,G_up
35.9,0.1,0.1,0.4,G_up
35.92,0.1,0.1,0.4,G_up
35.94,0.1,0.1,0.4,G_up
35.96,0.1,0.1,0.4,G_up
35.980000000000004,0.1,0.1,0.4,G_up
36.0,0.1,0.1,0.3,base
36.02,0.1,0.1,0.3,base
36.04,0.1,0.1,0.3,base
36.06,0.1,0.1,0.3,base
36.08,0.1,0.1,0.3,base
36.1,0.1,0.1,0.3,base
36.12,0.1,0.1,0.3,base
36.14,0.1,0.1,0.3,base
36.160000000000004,0.1,0.1,0.3,base
36.18,0.1,0.1,0.3,base
36.2,0.1,0.1,0.3,base
36.22,0.1,0.1,0.3,base
36.24,0.1,0.1,0.3,base
36.26,0.1,0.1,0.3,base
36.28,0.1,0.1,0.3,base
36.300000000000004,0.1,0.1,0.3,base
36.32,0.1,0.1,0.3,base
36.34,0.1,0.1,0.3,base
36.36,0.1,0.1,0.3,base
36.38,0.1,0.1,0.3,base
36.4,0.1,0.1,0.3,base
36.42,0.1,0.1,0.3,base
36.44,0.1,0.1,0.3,base
36.46,0.1,0.1,0.3,base
36.480000000000004,0.1,0.1,0.3,base
36.5,0.1,0.1,0.3,base
36.52,0.1,0.1,0.3,base
36.54,0.1,0.1,0.3,base
36.56,0.1,0.1,0.3,base
36.58,0.1,0.1,0.3,base
36.6,0.1,0.1,0.3,base
36.62,0.1,0.1,0.3,base
36.64,0.1,0.1,0.3,base
36.660000000000004,0.1,0.1,0.3,base
36.68,0.1,0.1,0.3,base
36.7,0.1,0.1,0.3,base
36.72,0.1,0.1,0.3,base
36.74,0.1,0.1,0.3,base
36.76,0.1,0.1,0.3,base
36.78,0.1,0.1,0.3,base
36.800000000000004,0.1,0.1,0.3,base
36.82,0.1,0.1,0.3,base
36.84,0.1,0.1,0.3,base
36.86,0.1,0.1,0.3,base
36.88,0.1,0.1,0.3,base
36.9,0.1,0.1,0.3,base
36.92,0.1,0.1,0.3,base
36.94,0.1,0.1,0.3,base
36.96,0.1,0.1,0.3,base
36.980000000000004,0.1,0.1,0.3,base
37.0,0.1,0.1,0.3,base
37.02,0.1,0.1,0.3,base
37.04,0.1,0.1,0.3,base
37.06,0.1,0.1,0.3,base
37.08,0.1,0.1,0.3,base
37.1,0.1,0.1,0.3,base
37.12,0.1,0.1,0.3,base
37.14,0.1,0.1,0.3,base
37.160000000000004,0.1,0.1,0.3,base
37.18,0.1,0.1,0.3,base
37.2,0.1,0.1,0.3,base
37.22,0.1,0.1,0.3,base
37.24,0.1,0.1,0.3,base
37.26,0.1,0.1,0.3,base
37.28,0.1,0.1,0.3,base
37.300000000000004,0.1,0.1,0.3,base
37.32,0.1,0.1,0.3,base
37.34,0.1,0.1,0.3,base
37.36,0.1,0.1,0.3,base
37.38,0.1,0.1,0.3,base
37.4,0.1,0.1,0.3,base
37.42,0.1,0.1,0.3,base
37.44,0.1,0.1,0.3,base
37.46,0.1,0.1,0.3,base
37.480000000000004,0.1,0.1,0.3,base
37.5,0.1,0.1,0.3,base
37.52,0.1,0.1,0.3,base
37.54,0.1,0.1,0.3,base
37.56,0.1,0.1,0.3,base
37.58,0.1,0.1,0.3,base
37.6,0.1,0.1,0.3,base
37.62,0.1,0.1,0.3,base
37.64,0.1,0.1,0.3,base
37.660000000000004,0.1,0.1,0.3,base
37.68,0.1,0.1,0.3,base
37.7,0.1,0.1,0.3,base
37.72,0.1,0.1,0.3,base
37.74,0.1,0.1,0.3,base
37.76,0.1,0.1,0.3,base
37.78,0.1,0.1,0.3,base
37.800000000000004,0.1,0.1,0.3,base
37.82,0.1,0.1,0.3,base
37.84,0.1,0.1,0.3,base
37.86,0.1,0.1,0.3,base
37.88,0.1,0.1,0.3,base
37.9,0.1,0.1,0.3,base
37.92,0.1,0.1,0.3,base
37.94,0.1,0.1,0.3,base
37.96,0.1,0.1,0.3,base
37.980000000000004,0.1,0.1,0.3,base
38.0,0.1,0.1,0.3,base
38.02,0.1,0.1,0.3,base
38.04,0.1,0.1,0.3,base
38.06,0.1,0.1,0.3,base
38.08,0.1,0.1,0.3,base
38.1,0.1,0.1,0.3,base
38.12,0.1,0.1,0.3,base
38.14,0.1,0.1,0.3,base
38.160000000000004,0.1,0.1,0.3,base
38.18,0.1,0.1,0.3,base
38.2,0.1,0.1,0.3,base
38.22,0.1,0.1,0.3,base
38.24,0.1,0.1,0.3,base
38.26,0.1,0.1,0.3,base
38.28,0.1,0.1,0.3,base
38.300000000000004,0.1,0.1,0.3,base
38.32,0.1,0.1,0.3,base
38.34,0.1,0.1,0.3,base
38.36,0.1,0.1,0.3,base
38.38,0.1,0.1,0.3,base
38.4,0.1,0.1,0.3,base
38.42,0.1,0.1,0.3,base
38.44,0.1,0.1,0.3,base
38.46,0.1,0.1,0.3,base
38.480000000000004,0.1,0.1,0.3,base
38.5,0.1,0.1,0.3,base
38.52,0.1,0.1,0.3,base
38.54,0.1,0.1,0.3,base
38.56,0.1,0.1,0.3,base
38.58,0.1,0.1,0.3,base
38.6,0.1,0.1,0.3,base
38.62,0.1,0.1,0.3,base
38.64,0.1,0.1,0.3,base
38.660000000000004,0.1,0.1,0.3,base
38.68,0.1,0.1,0.3,base
38.7,0.1,0.1,0.3,base
38.72,0.1,0.1,0.3,base
38.74,0.1,0.1,0.3,base
38.76,0.1,0.1,0.3,base
38.78,0.1,0.1,0.3,base
38.800000000000004,0.1,0.1,0.3,base
38.82,0.1,0.1,0.3,base
38.84,0.1,0.1,0.3,base
38.86,0.1,0.1,0.3,base
38.88,0.1,0.1,0.3,base
38.9,0.1,0.1,0.3,base
38.92,0.1,0.1,0.3,base
38.94,0.1,0.1,0.3,base
38.96,0.1,0.1,0.3,base
38.980000000000004,0.1,0.1,0.3,base
39.0,0.1,0.1,0.3,base
39.02,0.1,0.1,0.3,base
39.04,0.1,0.1,0.3,base
39.06,0.1,0.1,0.3,base
39.08,0.1,0.1,0.3,base
39.1,0.1,0.1,0.3,base
39.12,0.1,0.1,0.3,base
39.14,0.1,0.1,0.3,base
39.160000000000004,0.1,0.1,0.3,base
39.18,0.1,0.1,0.3,base
39.2,0.1,0.1,0.3,base
39.22,0.1,0.1,0.3,base
39.24,0.1,0.1,0.3,base
39.26,0.1,0.1,0.3,base
39.28,0.1,0.1,0.3,base
39.300000000000004,0.1,0.1,0.3,base
39.32,0.1,0.1,0.3,base
39.34,0.1,0.1,0.3,base
39.36,0.1,0.1,0.3,base
39.38,0.1,0.1,0.3,base
39.4,0.1,0.1,0.3,base
39.42,0.1,0.1,0.3,base
39.44,0.1,0.1,0.3,base
39.46,0.1,0.1,0.3,base
39.480000000000004,0.1,0.1,0.3,base
39.5,0.1,0.1,0.3,base
39.52,0.1,0.1,0.3,base
39.54,0.1,0.1,0.3,base
39.56,0.1,0.1,0.3,base
39.58,0.1,0.1,0.3,base
39.6,0.1,0.1,0.3,base
39.62,0.1,0.1,0.3,base
39.64,0.1,0.1,0.3,base
39.660000000000004,0.1,0.1,0.3,base
39.68,0.1,0.1,0.3,base
39.7,0.1,0.1,0.3,base
39.72,0.1,0.1,0.3,base
39.74,0.1,0.1,0.3,base
39.76,0.1,0.1,0.3,base
39.78,0.1,0.1,0.3,base
39.800000000000004,0.1,0.1,0.3,base
39.82,0.1,0.1,0.3,base
39.84,0.1,0.1,0.3,base
39.86,0.1,0.1,0.3,base
39.88,0.1,0.1,0.3,base
39.9,0.1,0.1,0.3,base
39.92,0.1,0.1,0.3,base
39.94,0.1,0.1,0.3,base
39.96,0.1,0.1,0.3,base
39.980000000000004,0.1,0.1,0.3,base
40.0,0.1,0.1,0.3,base
40.02,0.1,0.1,0.3,base
40.04,0.1,0.1,0.3,base
40.06,0.1,0.1,0.3,base
40.08,0.1,0.1,0.3,base
40.1,0.1,0.1,0.3,base
40.12,0.1,0.1,0.3,base
40.14,0.1,0.1,0.3,base
40.160000000000004,0.1,0.1,0.3,base
40.18,0.1,0.1,0.3,base
40.2,0.1,0.1,0.3,base
40.22,0.1,0.1,0.3,base
40.24,0.1,0.1,0.3,base
40.26,0.1,0.1,0.3,base
40.28,0.1,0.1,0.3,base
40.300000000000004,0.1,0.1,0.3,base
40.32,0.1,0.1,0.3,base
40.34,0.1,0.1,0.3,base
40.36,0.1,0.1,0.3,base
40.38,0.1,0.1,0.3,base
40.4,0.1,0.1,0.3,base
40.42,0.1,0.1,0.3,base
40.44,0.1,0.1,0.3,base
40.46,0.1,0.1,0.3,base
40.480000000000004,0.1,0.1,0.3,base
40.5,0.1,0.1,0.3,base
40.52,0.1,0.1,0.3,base
40.54,0.1,0.1,0.3,base
40.56,0.1,0.1,0.3,base
40.58,0.1,0.1,0.3,base
40.6,0.1,0.1,0.3,base
40.62,0.1,0.1,0.3,base
40.64,0.1,0.1,0.3,base
40.660000000000004,0.1,0.1,0.3,base
40.68,0.1,0.1,0.3,base
40.7,0.1,0.1,0.3,base
40.72,0.1,0.1,0.3,base
40.74,0.1,0.1,0.3,base
40.76,0.1,0.1,0.3,base
40.78,0.1,0.1,0.3,base
40.800000000000004,0.1,0.1,0.3,base
40.82,0.1,0.1,0.3,base
40.84,0.1,0.1,0.3,base
40.86,0.1,0.1,0.3,base
40.88,0.1,0.1,0.3,base
40.9,0.1,0.1,0.3,base
40.92,0.1,0.1,0.3,base
40.94,0.1,0.1,0.3,base
40.96,0.1,0.1,0.3,base
40.980000000000004,0.1,0.1,0.3,base
41.0,0.1,0.1,0.3,base
41.02,0.1,0.1,0.3,base
41.04,0.1,0.1,0.3,base
41.06,0.1,0.1,0.3,base
41.08,0.1,0.1,0.3,base
41.1,0.1,0.1,0.3,base
41.12,0.1,0.1,0.3,base
41.14,0.1,0.1,0.3,base
41.160000000000004,0.1,0.1,0.3,base
41.18,0.1,0.1,0.3,base
41.2,0.1,0.1,0.3,base
41.22,0.1,0.1,0.3,base
41.24,0.1,0.1,0.3,base
41.26,0.1,0.1,0.3,base
41.28,0.1,0.1,0.3,base
41.300000000000004,0.1,0.1,0.3,base
41.32,0.1,0.1,0.3,base
41.34,0.1,0.1,0.3,base
41.36,0.1,0.1,0.3,base
41.38,0.1,0.1,0.3,base
41.4,0.1,0.1,0.3,base
41.42,0.1,0.1,0.3,base
41.44,0.1,0.1,0.3,base
41.46,0.1,0.1,0.3,base
41.480000000000004,0.1,0.1,0.3,base
41.5,0.1,0.1,0.3,base
41.52,0.1,0.1,0.3,base
41.54,0.1,0.1,0.3,base
41.56,0.1,0.1,0.3,base
41.58,0.1,0.1,0.3,base
41.6,0.1,0.1,0.3,base
41.62,0.1,0.1,0.3,base
41.64,0.1,0.1,0.3,base
41.660000000000004,0.1,0.1,0.3,base
41.68,0.1,0.1,0.3,base
41.7,0.1,0.1,0.3,base
41.72,0.1,0.1,0.3,base
41.74,0.1,0.1,0.3,base
41.76,0.1,0.1,0.3,base
41.78,0.1,0.1,0.3,base
41.800000000000004,0.1,0.1,0.3,base
41.82,0.1,0.1,0.3,base
41.84,0.1,0.1,0.3,base
41.86,0.1,0.1,0.3,base
41.88,0.1,0.1,0.3,base
41.9,0.1,0.1,0.3,base
41.92,0.1,0.1,0.3,base
41.94,0.1,0.1,0.3,base
41.96,0.1,0.1,0.3,base
41.980000000000004,0.1,0.1,0.3,base
