time,cmd_pressure_DF,cmd_pressure_F,cmd_pressure_G
0.0,0.5,0.09999999999999998,0.5
0.02,0.4999834256061356,0.10001657439386433,0.5
0.04,0.4999304966816294,0.10006950331837056,0.5
0.06,0.4998362402903976,0.1001637597096024,0.5
0.08,0.4996954671506069,0.10030453284939306,0.5
0.1,0.49950277563420686,0.10049722436579311,0.5
0.12,0.4992525564986669,0.10074744350133308,0.5
0.14,0.49893899841995615,0.10106100158004383,0.5
0.16,0.49855609439775106,0.10144390560224889,0.5
0.18,0.49809764910557397,0.10190235089442604,0.5
0.2,0.49755728726000814,0.10244271273999184,0.5
0.22,0.4969284630842779,0.10307153691572207,0.5
0.24,0.49620447094227643,0.10379552905772355,0.5
0.26,0.49537845721954127,0.10462154278045871,0.5
0.28,0.4944434335276636,0.10555656647233636,0.5
0.3,0.49339229130813783,0.10660770869186215,0.5
0.32,0.492217817910656,0.10778218208934395,0.5
0.34,0.49091271421929034,0.10908728578070964,0.5
0.36,0.4894696138978214,0.11053038610217855,0.5
0.38,0.4878811043226228,0.11211889567737715,0.5
0.4,0.4861397492679386,0.11386025073206135,0.5
0.42,0.4842381134040437,0.11576188659595626,0.5
0.44,0.482168788663598,0.11783121133640195,0.5
0.46,0.47992442252544243,0.12007557747455755,0.5
0.48,0.4774977482580817,0.12250225174191826,0.5
0.5,0.47488161715710375,0.1251183828428962,0.5
0.52,0.47206903280174495,0.127930967198255,0.5
0.54,0.46905318734567825,0.1309468126543217,0.5
0.56,0.4658274998458256,0.13417250015417437,0.5
0.58,0.4623856566205401,0.13761434337945988,0.5
0.6,0.45872165361482486,0.1412783463851751,0.5
0.62,0.4548298407353238,0.1451701592646762,0.5
0.64,0.45070496810160765,0.14929503189839236,0.5
0.66,0.44634223414277036,0.15365776585722962,0.5
0.68,0.44173733544953364,0.1582626645504663,0.5
0.7000000000000001,0.4368865182719336,0.16311348172806642,0.5
0.72,0.43178663153124486,0.1682133684687551,0.5
0.74,0.4264351811921082,0.17356481880789176,0.5
0.76,0.4208303858168999,0.17916961418310007,0.5
0.78,0.4149712330992808,0.18502876690071918,0.5
0.8,0.40885753714764256,0.19114246285235742,0.5
0.8200000000000001,0.4024899962619297,0.19751000373807026,0.5
0.84,0.3958702509191563,0.2041297490808437,0.5
0.86,0.3890009416539849,0.21099905834601507,0.5
0.88,0.3818857664911445,0.2181142335088555,0.5
0.9,0.3745295375563958,0.2254704624436042,0.5
0.92,0.3669382364624174,0.23306176353758257,0.5
0.9400000000000001,0.35911906803558785,0.24088093196441213,0.5
0.96,0.35108051191944006,0.24891948808055994,0.5
0.98,0.3428323715608285,0.25716762843917146,0.5
1.0,0.3343858200558819,0.26561417994411807,0.5
1.02,0.32575344230494424,0.27424655769505574,0.5
1.04,0.3169492728992873,0.28305072710071266,0.5
1.06,0.3079888291377983,0.2920111708622017,0.5
1.08,0.2988891385495101,0.3011108614504899,0.5
1.1,0.28966876027819394,0.31033123972180604,0.5
1.12,0.28034779966872636,0.3196522003312736,0.5
1.1400000000000001,0.27094791538206764,0.32905208461793234,0.5
1.16,0.2614923183569443,0.33850768164305567,0.5
1.18,0.2520057619322369,0.3479942380677631,0.5
1.2,0.24251452244517674,0.35748547755482324,0.5
1.22,0.23304636962728786,0.3669536303727121,0.5
1.24,0.2236305261331355,0.3763694738668645,0.5
1.26,0.2142976155569039,0.38570238444309607,0.5
1.28,0.20507959831917277,0.3949204016808272,0.5
1.3,0.1960096948415308,0.4039903051584692,0.5
1.32,0.18712229547036635,0.4128777045296336,0.5
1.34,0.17845285666380184,0.42154714333619814,0.5
1.36,0.17003778301773764,0.42996221698226234,0.5
1.3800000000000001,0.16191429477875496,0.438085705221245,0.5
1.4000000000000001,0.15412028057354374,0.4458797194264562,0.5
1.42,0.14669413517685823,0.4533058648231417,0.5
1.44,0.13967458224297172,0.4603254177570283,0.5
1.46,0.13310048203932612,0.46689951796067386,0.5
1.48,0.1270106243455679,0.4729893756544321,0.5
1.5,0.1214435068163558,0.4785564931836442,0.5
1.52,0.1164370992519857,0.4835629007480143,0.5
1.54,0.11202859437667922,0.48797140562332075,0.5
1.56,0.10825414588980825,0.4917458541101917,0.5
1.58,0.10514859472974239,0.4948514052702576,0.5
1.6,0.10274518467257127,0.4972548153274287,0.5
1.62,0.10107526857767496,0.498924731422325,0.5
1.6400000000000001,0.10016800678779333,0.4998319932122066,0.5
1.6600000000000001,0.10005005939149125,0.4999499406085087,0.5
1.68,0.10074527425913316,0.4992547257408668,0.5
1.7,0.10227437296786981,0.4977256270321302,0.5
1.72,0.10465463693468285,0.4953453630653171,0.5
1.74,0.10789959627701096,0.492100403722989,0.5
1.76,0.11201872411545918,0.48798127588454077,0.5
1.78,0.11701713921994142,0.4829828607800586,0.5
1.8,0.12289532007649734,0.47710467992350264,0.5
1.82,0.12964883361395738,0.4703511663860426,0.5
1.84,0.1372680819744314,0.46273191802556857,0.5
1.86,0.1457380708359672,0.45426192916403274,0.5
1.8800000000000001,0.15503820289623188,0.4449617971037681,0.5
1.9000000000000001,0.16514210019921027,0.4348578998007897,0.5
1.92,0.17601745902912128,0.42398254097087873,0.5
1.94,0.18762594110346825,0.4123740588965317,0.5
1.96,0.19992310476680542,0.40007689523319456,0.5
1.98,0.21285837981498956,0.3871416201850104,0.5
2.0,0.22637508946306442,0.3736249105369356,0.5
2.02,0.24041052280538183,0.35958947719461815,0.5
2.04,0.25489606090124345,0.34510393909875653,0.5
2.06,0.2697573593507261,0.3302426406492739,0.5
2.08,0.284914589901293,0.315085410098707,0.5
2.1,0.3002827432446416,0.2997172567553584,0.5
2.12,0.31577199472389705,0.2842280052761029,0.5
2.14,0.3312881341732028,0.2687118658267972,0.5
2.16,0.34673306055526393,0.25326693944473605,0.5
2.18,0.36200534144837554,0.23799465855162444,0.5
2.2,0.37700083676481333,0.22299916323518665,0.5
2.22,0.39161338535989043,0.20838661464010955,0.5
2.24,0.40573555241922976,0.19426444758077022,0.5
2.2600000000000002,0.41925943469562643,0.18074056530437355,0.5
2.2800000000000002,0.43207751981211695,0.16792248018788303,0.5
2.3000000000000003,0.4440835949614975,0.1559164050385025,0.5
2.32,0.4551736994226237,0.14482630057737628,0.5
2.34,0.4652471143896534,0.13475288561034662,0.5
2.36,0.4742073826823104,0.1257926173176896,0.5
2.38,0.48196334998481627,0.11803665001518368,0.5
2.4,0.48843021836085193,0.11156978163914805,0.5
2.42,0.49353060192542786,0.10646939807457209,0.5
2.44,0.49719557373628914,0.10280442626371084,0.5
2.46,0.49936569221275456,0.10063430778724541,0.5
2.48,0.4999919947146308,0.10000800528536918,0.5
2.5,0.4990369453344394,0.1009630546655606,0.5
2.52,0.49647532348936735,0.10352467651063263,0.5
2.54,0.49229503956185217,0.10770496043814778,0.5
2.56,0.48649786364612685,0.11350213635387313,0.5
2.58,0.4791000534284991,0.12089994657150088,0.5
2.6,0.47013286737699256,0.12986713262300745,0.5
2.62,0.4596429497555273,0.1403570502444727,0.5
2.64,0.44769257452195554,0.15230742547804443,0.5
2.66,0.43435973592910804,0.16564026407089197,0.5
2.68,0.4197380746325633,0.1802619253674367,0.5
2.7,0.40393662932461866,0.19606337067538132,0.5
2.72,0.38707940536460883,0.21292059463539115,0.5
2.74,0.3693047535616838,0.23069524643831618,0.5
2.7600000000000002,0.35076455418437125,0.24923544581562876,0.5
2.7800000000000002,0.3316232034146761,0.2683767965853239,0.5
2.8000000000000003,0.31205640182198824,0.28794359817801174,0.5
2.82,0.292249746988119,0.30775025301188097,0.5
2.84,0.27239713514916897,0.327602864850831,0.5
2.86,0.25269897960774323,0.34730102039225674,0.5
2.88,0.23336025668047516,0.3666397433195248,0.5
2.9,0.21458839304634925,0.38541160695365073,0.5
2.92,0.19659101151156982,0.40340898848843015,0.5
2.94,0.17957355536285186,0.4204264446371481,0.5
2.96,0.16373681459485398,0.43626318540514597,0.5
2.98,0.1492743803170229,0.4507256196829771,0.5
3.0,0.13637005651499523,0.46362994348500475,0.5
3.02,0.1251952610037621,0.4748047389962379,0.5
3.04,0.11590644980392478,0.4840935501960752,0.5
3.06,0.10864260123727734,0.49135739876272266,0.5
3.08,0.10352279771216508,0.4964772022878349,0.5
3.1,0.10064394439205696,0.49935605560794305,0.5
3.12,0.10007866465400725,0.4999213353459927,0.5
3.14,0.10187341239205319,0.4981265876079468,0.5
3.16,0.10604684075357501,0.49395315924642497,0.5
3.18,0.11258846576981524,0.48741153423018474,0.5
3.2,0.12145766151812382,0.47854233848187616,0.5
3.22,0.13258302090496993,0.46741697909503005,0.5
3.24,0.1458621128675286,0.4541378871324714,0.5
3.2600000000000002,0.16116166275148358,0.4388383372485164,0.5
3.2800000000000002,0.178318177840312,0.42168182215968797,0.5
3.3000000000000003,0.19713903450735054,0.40286096549264944,0.5
3.3200000000000003,0.21740403727210392,0.3825959627278961,0.5
3.34,0.2388674532179314,0.3611325467820686,0.5
3.36,0.261260517837147,0.338739482162853,0.5
3.38,0.28429440049596455,0.31570559950403543,0.5
3.4,0.30766360945641835,0.2923363905435816,0.5
3.42,0.3310498078722483,0.2689501921277517,0.5
3.44,0.3541260035231498,0.24587399647685018,0.5
3.46,0.3765610664131742,0.22343893358682576,0.5
3.48,0.39802451989372567,0.20197548010627428,0.5
3.5,0.4181915428493517,0.18180845715064825,0.5
3.52,0.4367481128835563,0.1632518871164437,0.5
3.54,0.45339621354580084,0.14660378645419916,0.5
3.56,0.46785902263548507,0.1321409773645149,0.5
3.58,0.47988599368851675,0.12011400631148322,0.5
3.6,0.48925773907613446,0.1107422609238655,0.5
3.62,0.49579062089357695,0.10420937910642306,0.5
3.64,0.49934095514356575,0.10065904485643423,0.5
3.66,0.49980873576345597,0.10019126423654401,0.5
3.68,0.49714078791922367,0.10285921208077628,0.5
3.7,0.491333264780375,0.10866673521962503,0.5
3.72,0.4824334087514412,0.11756659124855878,0.5
3.74,0.4705405068857892,0.12945949311421082,0.5
3.7600000000000002,0.4558059809238777,0.1441940190761223,0.5
3.7800000000000002,0.4384325650155967,0.16156743498440332,0.5
3.8000000000000003,0.41867253859400994,0.18132746140599004,0.5
3.8200000000000003,0.39682499790749437,0.20317500209250558,0.5
3.84,0.37323216718255947,0.22676783281744048,0.5
3.86,0.34827476902631255,0.25172523097368743,0.5
3.88,0.3223664931849308,0.27763350681506915,0.5
3.9,0.29594762280798004,0.30405237719201994,0.5
3.92,0.26947789754339446,0.3305221024566055,0.5
3.94,0.24342871268509533,0.3565712873149047,0.5
3.96,0.21827477276683976,0.3817252272331602,0.5
3.98,0.19448533597401213,0.40551466402598785,0.5
4.0,0.1725152020502619,0.42748479794973804,0.5
4.0200000000000005,0.1527956105276027,0.44720438947239727,0.5
4.04,0.13572522763644135,0.46427477236355863,0.5
4.0600000000000005,0.12166140870752157,0.4783385912924784,0.5
4.08,0.11091192784743317,0.4890880721525668,0.5
4.1,0.10372736778695482,0.4962726322130452,0.5
4.12,0.10029435976187867,0.4997056402381213,0.5
4.14,0.10072985585678498,0.499270144143215,0.5
4.16,0.10507660427682036,0.4949233957231796,0.5
4.18,0.11329998146023057,0.4867000185397694,0.5
4.2,0.12528631386044606,0.4747136861395539,0.5
4.22,0.14084279677961706,0.4591572032203829,0.5
4.24,0.15969908811337713,0.44030091188662285,0.5
4.26,0.18151062167884097,0.418489378321159,0.5
4.28,0.20586364847608224,0.39413635152391774,0.5
4.3,0.2322819754277391,0.3677180245722609,0.5
4.32,0.2602353306146811,0.33976466938531885,0.5
4.34,0.28914924264205955,0.31085075735794043,0.5
4.36,0.31841628048253046,0.2815837195174695,0.5
4.38,0.3474084599752188,0.2525915400247812,0.5
4.4,0.375490585183651,0.22450941481634895,0.5
4.42,0.4020342581324011,0.19796574186759888,0.5
4.44,0.4264322601485946,0.1735677398514054,0.5
4.46,0.44811298319784226,0.15188701680215771,0.5
4.48,0.4665545712302238,0.1334454287697762,0.5
4.5,0.48129842055207095,0.11870157944792903,0.5
4.5200000000000005,0.4919616853985078,0.10803831460149213,0.5
4.54,0.4982484408268061,0.10175155917319387,0.5
4.5600000000000005,0.4999591702200308,0.1000408297799692,0.5
4.58,0.4969982693066771,0.10300173069332288,0.5
4.6000000000000005,0.4893792926481896,0.1106207073518104,0.5
4.62,0.4772277117469771,0.12277228825302286,0.5
4.64,0.46078100573597647,0.13921899426402348,0.5
4.66,0.4403859652022418,0.15961403479775813,0.5
4.68,0.41649315597007963,0.18350684402992035,0.5
4.7,0.38964856125526465,0.21035143874473533,0.5
4.72,0.3604824958832855,0.23951750411671444,0.5
4.74,0.3296959634014419,0.27030403659855806,0.5
4.76,0.29804470388147325,0.30195529611852673,0.5
4.78,0.26632125483896574,0.33367874516103424,0.5
4.8,0.2353354177328122,0.3646645822671878,0.5
4.82,0.20589358566798555,0.39410641433201443,0.5
4.84,0.17877744196152914,0.42122255803847086,0.5
4.86,0.15472258200538724,0.44527741799461273,0.5
4.88,0.13439764041244318,0.4656023595875568,0.5
4.9,0.11838452005924058,0.4816154799407594,0.5
4.92,0.10716031796202968,0.4928396820379703,0.5
4.94,0.10108152395650477,0.4989184760434952,0.5
4.96,0.10037103136486919,0.4996289686351308,0.5
4.98,0.105108444200331,0.494891555799669,0.5
5.0,0.11522409349774246,0.48477590650225755,0.5
5.0200000000000005,0.13049708715817995,0.46950291284182,0.5
5.04,0.1505576149221761,0.44944238507782386,0.5
5.0600000000000005,0.1748936149778929,0.42510638502210707,0.5
5.08,0.20286178404436447,0.3971382159556355,0.5
5.1000000000000005,0.23370278181632204,0.36629721818367794,0.5
5.12,0.2665603471091121,0.3334396528908879,0.5
5.14,0.3005039109284837,0.29949608907151626,0.5
5.16,0.3345541652661334,0.26544583473386657,0.5
5.18,0.36771093004917554,0.23228906995082443,0.5
5.2,0.3989825586783635,0.2010174413216365,0.5
5.22,0.42741603912629733,0.17258396087370262,0.5
5.24,0.45212688645218213,0.14787311354781782,0.5
5.26,0.47232788715898666,0.12767211284101332,0.5
5.28,0.48735574877531196,0.11264425122468802,0.5
5.3,0.4966947313194467,0.10330526868055329,0.5
5.32,0.4999963919361413,0.10000360806385866,0.5
5.34,0.4970946600320677,0.1029053399679323,0.5
5.36,0.4880155766512316,0.1119844233487684,0.5
5.38,0.47298117649501986,0.12701882350498012,0.5
5.4,0.4524071606574034,0.14759283934259662,0.5
5.42,0.4268941984889081,0.17310580151109187,0.5
5.44,0.39721290269454224,0.20278709730545774,0.5
5.46,0.3642827365976581,0.2357172634023419,0.5
5.48,0.329145329525064,0.270854670474936,0.5
5.5,0.2929328880244756,0.3070671119755244,0.5
5.5200000000000005,0.2568325893566454,0.3431674106433546,0.5
5.54,0.2220480216249769,0.3779519783750231,0.5
5.5600000000000005,0.18975888448209044,0.41024111551790954,0.5
5.58,0.16108027860288698,0.438919721397113,0.5
5.6000000000000005,0.13702298490108136,0.46297701509891864,0.5
5.62,0.11845616079075555,0.48154383920924443,0.5
5.64,0.10607385705763364,0.49392614294236636,0.5
5.66,0.10036668314329955,0.4996333168567004,0.5
5.68,0.10159982071857246,0.49840017928142755,0.5
5.7,0.10979840714276107,0.4902015928572389,0.5
5.72,0.12474108560466438,0.47525891439533563,0.5
5.74,0.1459622532590715,0.45403774674092845,0.5
5.76,0.1727632402686285,0.4272367597313715,0.5
5.78,0.20423233084234746,0.3957676691576525,0.5
5.8,0.23927320312874345,0.3607267968712565,0.5
5.82,0.2766410303342482,0.3233589696657518,0.5
5.84,0.3149851636125518,0.2850148363874482,0.5
5.86,0.35289702131677314,0.24710297868322684,0.5
5.88,0.3889615521135217,0.2110384478864783,0.5
5.9,0.4218104334598306,0.1781895665401694,0.5
5.92,0.4501750229694371,0.14982497703056286,0.5
5.94,0.47293700733816824,0.12706299266183171,0.5
5.96,0.48917469852102885,0.11082530147897113,0.5
5.98,0.4982030137548534,0.1017969862451466,0.5
6.0,0.49960534568565435,0.10039465431434563,0.5
6.0200000000000005,0.49325577882108657,0.10674422117891341,0.5
6.04,0.4793304328460195,0.12066956715398047,0.5
6.0600000000000005,0.45830710262560725,0.1416928973743927,0.5
6.08,0.4309528063120442,0.1690471936879558,0.5
6.1000000000000005,0.3982993312552081,0.20170066874479184,0.5
6.12,0.36160736430789076,0.23839263569210925,0.5
6.140000000000001,0.32232028867289625,0.27767971132710373,0.5
6.16,0.28200920261092666,0.3179907973890733,0.5
6.18,0.24231114479662086,0.3576888552033791,0.5
6.2,0.2048628762066821,0.3951371237933179,0.5
6.22,0.17123285007863734,0.42876714992136267,0.5
6.24,0.14285418316646634,0.4571458168335336,0.5
6.26,0.12096151015639875,0.4790384898436012,0.5
6.28,0.10653454985276356,0.4934654501472364,0.5
6.3,0.10025103267127886,0.4997489673287211,0.5
6.32,0.1024513355538062,0.4975486644461938,0.5
6.34,0.1131167497845258,0.4868832502154742,0.5
6.36,0.13186278218376943,0.4681372178162305,0.5
6.38,0.15794827909291498,0.442051720907085,0.5
6.4,0.19030048871866834,0.40969951128133164,0.5
6.42,0.22755546825086786,0.3724445317491321,0.5
6.44,0.2681125283546508,0.33188747164534915,0.5
6.46,0.3102007217519763,0.28979927824802365,0.5
6.48,0.3519547577587667,0.24804524224123325,0.5
6.5,0.391497192927453,0.208502807072547,0.5
6.5200000000000005,0.4270233388536371,0.17297666114636287,0.5
6.54,0.45688506705857307,0.1431149329414269,0.5
6.5600000000000005,0.4796695973296957,0.12033040267030423,0.5
6.58,0.49426944272070555,0.10573055727929442,0.5
6.6000000000000005,0.4999399563314328,0.10006004366856719,0.5
6.62,0.496341378057892,0.10365862194210798,0.5
6.640000000000001,0.4835629007480138,0.1164370992519862,0.5
6.66,0.4621270427076071,0.13787295729239285,0.5
6.68,0.43297349697939647,0.1670265030206035,0.5
6.7,0.39742258959381105,0.20257741040618893,0.5
6.72,0.3571194754614499,0.24288052453855008,0.5
6.74,0.31396118405311785,0.28603881594688213,0.5
6.76,0.27000954788595466,0.3299904521140453,0.5
6.78,0.22739385598729603,0.372606144012704,0.5
6.8,0.18820772585879397,0.411792274141206,0.5
6.82,0.15440514050891813,0.44559485949108185,0.5
6.84,0.12770081936070524,0.47229918063929477,0.5
6.86,0.1094800609289317,0.4905199390710683,0.5
6.88,0.10072290067137529,0.4992770993286247,0.5
6.9,0.10194687208761982,0.49805312791238016,0.5
6.92,0.11317185948514893,0.486828140514851,0.5
6.94,0.1339095170846925,0.46609048291530747,0.5
6.96,0.1631785444184268,0.43682145558157315,0.5
6.98,0.199545806742353,0.400454193257647,0.5
7.0,0.24119193495353972,0.3588080650464603,0.5
7.0200000000000005,0.2859987019378231,0.31400129806217686,0.5
7.04,0.3316542237555945,0.2683457762444055,0.5
7.0600000000000005,0.37577094590896687,0.22422905409103314,0.5
7.08,0.41601051338115935,0.18398948661884063,0.5
7.1000000000000005,0.450209045471824,0.14979095452817598,0.5
7.12,0.4764960872753964,0.12350391272460362,0.5
7.140000000000001,0.49340061770300603,0.10659938229699392,0.5
7.16,0.4999379696005977,0.10006203039940226,0.5
7.18,0.4956723511494548,0.10432764885054518,0.5
7.2,0.4807508191654628,0.1192491808345372,0.5
7.22,0.4559059939496248,0.1440940060503752,0.5
7.24,0.42242645353119335,0.17757354646880663,0.5
7.26,0.38209551867490693,0.21790448132509305,0.5
7.28,0.337100943696915,0.26289905630308497,0.5
7.3,0.28991976024129135,0.31008023975870863,0.5
7.32,0.24318407904371334,0.35681592095628667,0.5
7.34,0.19953494067073568,0.4004650593292643,0.5
7.36,0.16147223358577942,0.43852776641422053,0.5
7.38,0.13120919668160164,0.46879080331839834,0.5
7.4,0.11054004543017415,0.48945995456982583,0.5
7.42,0.1007287836648422,0.4992712163351578,0.5
7.44,0.10242629293384498,0.497573707066155,0.5
7.46,0.11562136431637143,0.48437863568362854,0.5
7.48,0.1396295187392835,0.46037048126071645,0.5
7.5,0.1731213431672712,0.42687865683272874,0.5
7.5200000000000005,0.21418976621745933,0.38581023378254065,0.5
7.54,0.2604533392867979,0.33954666071320205,0.5
7.5600000000000005,0.30919031936238234,0.29080968063761764,0.5
7.58,0.3574963099531966,0.24250369004680342,0.5
7.6000000000000005,0.40245654235117745,0.19754345764882253,0.5
7.62,0.44132268984944595,0.15867731015055403,0.5
7.640000000000001,0.4716834972690836,0.12831650273091638,0.5
7.66,0.4916185400658916,0.10838145993410836,0.5
7.68,0.49982512687763875,0.10017487312236123,0.5
7.7,0.49570971108597545,0.10429028891402453,0.5
7.72,0.47943712307952724,0.12056287692047274,0.5
7.74,0.45193337699641795,0.14806662300358203,0.5
7.76,0.4148406088988497,0.18515939110115026,0.5
7.78,0.37042570304617317,0.22957429695382683,0.5
7.8,0.32144717416033575,0.27855282583966423,0.5
7.82,0.2709877018405257,0.3290122981594743,0.5
7.84,0.2222621669363053,0.3777378330636947,0.5
7.86,0.17841294270571728,0.4215870572942827,0.5
7.88,0.14230539804066575,0.4576946019593342,0.5
7.9,0.11633696740194294,0.48366303259805704,0.5
7.92,0.10227267251627642,0.49772732748372356,0.5
7.94,0.1011186396878187,0.4988813603121813,0.5
7.96,0.11304299744104829,0.4869570025589517,0.5
7.98,0.1373506734861513,0.4626493265138487,0.5
8.0,0.17251520205026258,0.42748479794973737,0.5
8.02,0.2162669112877964,0.3837330887122036,0.5
8.040000000000001,0.2657330269815898,0.3342669730184102,0.5
8.06,0.31762156164144134,0.28237843835855864,0.5
8.08,0.368437616267922,0.231562383732078,0.5
8.1,0.41471814663278617,0.1852818533672138,0.5
8.120000000000001,0.4532695426149086,0.1467304573850914,0.5
8.14,0.4813916918971133,0.11860830810288672,0.5
8.16,0.4970726369925881,0.10292736300741193,0.5
8.18,0.49913950124388184,0.1008604987561181,0.5
8.2,0.48735398981504036,0.11264601018495962,0.5
8.22,0.46244432177785855,0.13755567822214146,0.5
8.24,0.4260697029365004,0.17393029706349955,0.5
8.26,0.38071812959668194,0.21928187040331804,0.5
8.28,0.32954310149021676,0.2704568985097832,0.5
8.3,0.2761493759480476,0.32385062405195236,0.5
8.32,0.2243418755194394,0.3756581244805606,0.5
8.34,0.1778549548496442,0.4221450451503558,0.5
8.36,0.14008117836834472,0.45991882163165526,0.5
8.38,0.11381937000805936,0.4861806299919406,0.5
8.4,0.10106087231594071,0.49893912768405924,0.5
8.42,0.10283069992215024,0.49716930007784976,0.5
8.44,0.11909670337204609,0.4809032966279539,0.5
8.46,0.14875518953991157,0.4512448104600884,0.5
8.48,0.18969598234156473,0.41030401765843527,0.5
8.5,0.2389440337887912,0.3610559662112088,0.5
8.52,0.2928688399212758,0.30713116007872415,0.5
8.540000000000001,0.34744752532271556,0.2525524746772844,0.5
8.56,0.3985629638941595,0.20143703610584046,0.5
8.58,0.4423150819982622,0.15768491800173776,0.5
8.6,0.4753218403617252,0.12467815963827478,0.5
8.620000000000001,0.49498650117270016,0.10501349882729985,0.5
8.64,0.4997097152667333,0.10029028473326668,0.5
8.66,0.48902862976591877,0.11097137023408121,0.5
8.68,0.46367039743809624,0.13632960256190374,0.5
8.700000000000001,0.42551381459499427,0.1744861854050057,0.5
8.72,0.37745986645554075,0.22254013354445923,0.5
8.74,0.32321918378129677,0.2767808162187032,0.5
8.76,0.2670312421212507,0.3329687578787493,0.5
8.78,0.2133360030140753,0.3866639969859247,0.5
8.8,0.16642309668157546,0.4335769033184245,0.5
8.82,0.13008616750661625,0.4699138324933837,0.5
8.84,0.10731037208631886,0.4926896279136811,0.5
8.86,0.10001912462377158,0.4999808753762284,0.5
8.88,0.10890209683992458,0.4910979031600754,0.5
8.9,0.13334045411918355,0.46665954588081643,0.5
8.92,0.1714377718841358,0.4285622281158642,0.5
8.94,0.22015659516675418,0.3798434048332458,0.5
8.96,0.27555185115276154,0.32444814884723844,0.5
8.98,0.3330840207098264,0.2669159792901736,0.5
9.0,0.3879878339711826,0.2120121660288174,0.5
9.02,0.4356669213113039,0.16433307868869604,0.5
9.040000000000001,0.4720818418998452,0.12791815810015478,0.5
9.06,0.49409856788866224,0.1059014321113377,0.5
9.08,0.49976694947411165,0.10023305052588832,0.5
9.1,0.4885038162350986,0.11149618376490139,0.5
9.120000000000001,0.46116283912281086,0.13883716087718914,0.5
9.14,0.4199825246405922,0.18001747535940776,0.5
9.16,0.36841400021279846,0.2315859997872015,0.5
9.18,0.31084071905416105,0.2891592809458389,0.5
9.200000000000001,0.252211955116776,0.34778804488322396,0.5
9.22,0.1976200925402746,0.4023799074597254,0.5
9.24,0.15185746494758703,0.44814253505241297,0.5
9.26,0.11899127389224662,0.48100872610775336,0.5
9.28,0.1019945602723838,0.4980054397276162,0.5
9.3,0.10246724885163716,0.4975327511483628,0.5
9.32,0.1204741678683943,0.4795258321316057,0.5
9.34,0.1545171913360884,0.44548280866391154,0.5
9.36,0.20164704881344586,0.3983529511865541,0.5
9.38,0.25770788298906877,0.3422921170109312,0.5
9.4,0.31769541367482557,0.2823045863251744,0.5
9.42,0.37619871318056286,0.2238012868194371,0.5
9.44,0.4278871562915677,0.17211284370843224,0.5
9.46,0.4679989400786543,0.13200105992134567,0.5
9.48,0.4927862666213413,0.1072137333786587,0.5
9.5,0.4998751008213014,0.1001248991786986,0.5
9.52,0.48850423613958344,0.11149576386041654,0.5
9.540000000000001,0.45961872367380585,0.14038127632619413,0.5
9.56,0.41580569579348003,0.18419430420651994,0.5
9.58,0.36107511227999634,0.23892488772000361,0.5
9.6,0.3005026542954004,0.29949734570459957,0.5
9.620000000000001,0.23976549933568428,0.3602345006643157,0.5
9.64,0.18461269878998626,0.4153873012100137,0.5
9.66,0.1403192099121777,0.45968079008782226,0.5
9.68,0.1111754760115492,0.4888245239884508,0.5
9.700000000000001,0.10006237512473268,0.4999376248752673,0.5
9.72,0.10815440210448576,0.4918455978955142,0.5
9.74,0.13478262294402266,0.4652173770559773,0.5
9.76,0.17747420138839015,0.4225257986116098,0.5
9.78,0.23216847615420239,0.3678315238457976,0.5
9.8,0.2935922477339973,0.3064077522660027,0.5
9.82,0.3557608111899315,0.24423918881006845,0.5
9.84,0.4125579847642313,0.1874420152357687,0.5
9.86,0.4583393514341272,0.1416606485658728,0.5
9.88,0.4884991967946091,0.11150080320539085,0.5
9.9,0.4999437434250458,0.10005625657495423,0.5
9.92,0.49142123106629315,0.10857876893370683,0.5
9.94,0.463672564042362,0.13632743595763797,0.5
9.96,0.4193834793420106,0.1806165206579894,0.5
9.98,0.36293886014615506,0.23706113985384492,0.5
10.0,0.30000000000000027,0.2999999999999997,0.5
10.02,0.23694425825540494,0.36305574174459504,0.5
10.040000000000001,0.18022166747586665,0.4197783325241333,0.5
10.06,0.13569297939738306,0.4643070206026169,0.5
10.08,0.10801716728006677,0.4919828327199332,0.5
10.1,0.10015296183387157,0.4998470381661284,0.5
10.120000000000001,0.11302871721796684,0.48697128278203317,0.5
10.14,0.14541863864524687,0.45458136135475313,0.5
10.16,0.19404267225601368,0.4059573277439863,0.5
10.18,0.25388420775773857,0.3461157922422614,0.5
10.200000000000001,0.3186965529505244,0.2813034470494756,0.5
10.22,0.38164837535013685,0.21835162464986313,0.5
10.24,0.43604226773254107,0.16395773226745888,0.5
10.26,0.47603115470554824,0.12396884529445176,0.5
10.28,0.49725564523098825,0.10274435476901173,0.5
10.3,0.4973320770098104,0.10266792299018956,0.5
10.32,0.4761354369468833,0.12386456305311666,0.5
10.34,0.43584225501798485,0.16415774498201513,0.5
10.36,0.38072387829230386,0.21927612170769611,0.5
10.38,0.31670760203494347,0.2832923979650565,0.5
10.4,0.25074904213946925,0.34925095786053073,0.5
10.42,0.19008097875164665,0.40991902124835333,0.5
10.44,0.1414191341343352,0.45858086586566477,0.5
10.46,0.1102120644599647,0.4897879355400353,0.5
10.48,0.10001952640242534,0.49998047359757464,0.5
10.5,0.11209134062033879,0.4879086593796612,0.5
10.52,0.14519800394174287,0.4548019960582571,0.5
10.540000000000001,0.19573718021703052,0.40426281978296946,0.5
10.56,0.2581095999552638,0.3418904000447362,0.5
10.58,0.3253271911983004,0.2746728088016996,0.5
10.6,0.38978894893521987,0.2102110510647801,0.5
10.620000000000001,0.44413936111907937,0.1558606388809206,0.5
10.64,0.4821127294923661,0.11788727050763387,0.5
10.66,0.4992660626392829,0.10073393736071706,0.5
10.68,0.49351378857787875,0.1064862114221212,0.5
10.700000000000001,0.46539845444413686,0.1346015455558631,0.5
10.72,0.418060732572999,0.18193926742700095,0.5
10.74,0.35690627948134945,0.24309372051865055,0.5
10.76,0.28900243559489247,0.3109975644051075,0.5
10.78,0.22227027179603853,0.37772972820396145,0.5
10.8,0.16456315081634307,0.4354368491836569,0.5
10.82,0.12273852365066112,0.47726147634933885,0.5
10.84,0.1018329638248682,0.4981670361751318,0.5
10.86,0.1044406896300979,0.4955593103699021,0.5
10.88,0.13037380892871334,0.46962619107128667,0.5
10.9,0.1766505186095492,0.4233494813904508,0.5
10.92,0.23781906120682905,0.3621809387931709,0.5
10.94,0.30658484459147234,0.29341515540852764,0.5
10.96,0.374670617145163,0.225329382854837,0.5
10.98,0.4338096221951705,0.16619037780482948,0.5
11.0,0.47675312601773934,0.12324687398226067,0.5
11.02,0.4981692421608284,0.10183075783917156,0.5
11.040000000000001,0.4953205334421586,0.10467946655784138,0.5
11.06,0.4684326058729257,0.13156739412707427,0.5
11.08,0.4207021707135673,0.17929782928643268,0.5
11.1,0.3579366713296791,0.2420633286703209,0.5
11.120000000000001,0.28786332064463677,0.3121366793553632,0.5
11.14,0.2191876018594666,0.38081239814053336,0.5
11.16,0.16051453656737896,0.439485463432621,0.5
11.18,0.11926585935028339,0.4807341406497166,0.5
11.200000000000001,0.10072974860218897,0.499270251397811,0.5
11.22,0.10736602232854692,0.49263397767145306,0.5
11.24,0.13845995893667523,0.46154004106332475,0.5
11.26,0.19017548135924747,0.40982451864075253,0.5
11.28,0.2560084209255103,0.3439915790744897,0.5
11.3,0.3275891740602047,0.27241082593979526,0.5
11.32,0.39573788122955067,0.2042621187704493,0.5
11.34,0.45164043288608524,0.14835956711391474,0.5
11.36,0.4879950018911875,0.11200499810881245,0.5
11.38,0.4999793155567398,0.1000206844432602,0.5
11.4,0.4859090005789777,0.1140909994210223,0.5
11.42,0.4474949854016812,0.1525050145983188,0.5
11.44,0.3896586710167134,0.21034132898328656,0.5
11.46,0.31992105181287506,0.2800789481871249,0.5
11.48,0.24743875158562806,0.3525612484143719,0.5
11.5,0.18180845715064745,0.41819154284935256,0.5
11.52,0.13179476562021425,0.46820523437978573,0.5
11.540000000000001,0.10415008814983695,0.495849911850163,0.5
11.56,0.1026865711743771,0.4973134288256229,0.5
11.58,0.12772953965465011,0.47227046034534986,0.5
11.6,0.17603323639780571,0.42396676360219426,0.5
11.620000000000001,0.24117872315983224,0.35882127684016774,0.5
11.64,0.31440867361993985,0.28559132638006013,0.5
11.66,0.38579320697108177,0.21420679302891818,0.5
11.68,0.4455733187968378,0.15442668120316214,0.5
11.700000000000001,0.48550077665344343,0.11449922334655654,0.5
11.72,0.4999899440785715,0.10001005592142848,0.5
11.74,0.48691903401707254,0.11308096598292744,0.5
11.76,0.4479634255707923,0.15203657442920773,0.5
11.78,0.38840626608210177,0.2115937339178982,0.5
11.8,0.3164433638186247,0.2835566361813753,0.5
11.82,0.2420705452454099,0.3579294547545901,0.5
11.84,0.1757021750029269,0.4242978249970731,0.5
11.86,0.12671057682663878,0.4732894231733612,0.5
11.88,0.10209129623680163,0.49790870376319835,0.5
11.9,0.10544563334054402,0.49455436665945596,0.5
11.92,0.13643077542699278,0.4635692245730072,0.5
11.94,0.1907642854984936,0.40923571450150636,0.5
11.96,0.2607921502576915,0.3392078497423085,0.5
11.98,0.3365488308355741,0.2634511691644259,0.5
12.0,0.4071653589957983,0.19283464100420167,0.5
12.02,0.46242819295049126,0.13757180704950872,0.5
12.040000000000001,0.49426555951234663,0.10573444048765335,0.5
12.06,0.49794389906729325,0.10205610093270673,0.5
12.08,0.47279480851071093,0.12720519148928905,0.5
12.1,0.42235787724335727,0.1776421227566427,0.5
12.120000000000001,0.3539082150906423,0.24609178490935768,0.5
12.14,0.2774274744169509,0.32257252558304905,0.5
12.16,0.2041606304696853,0.3958393695303147,0.5
12.18,0.1449651353365553,0.45503486466344467,0.5
12.200000000000001,0.108694200138647,0.491305799861353,0.5
12.22,0.10085584728305658,0.4991441527169434,0.5
12.24,0.1227530744721623,0.47724692552783765,0.5
12.26,0.17124246566376838,0.4287575343362316,0.5
12.280000000000001,0.23915827245596005,0.3608417275440399,0.5
12.3,0.31634943329576865,0.28365056670423133,0.5
12.32,0.39118305466270853,0.20881694533729145,0.5
12.34,0.4522939959750082,0.1477060040249918,0.5
12.36,0.49031819412273897,0.10968180587726101,0.5
12.38,0.4993445179329864,0.10065548206701355,0.5
12.4,0.4778577385584791,0.1221422614415209,0.5
12.42,0.42901889700211115,0.1709811029978888,0.5
12.44,0.3602285091796264,0.2397714908203736,0.5
12.46,0.2820279758291591,0.31797202417084086,0.5
12.48,0.20649845133572617,0.3935015486642738,0.5
12.5,0.1453979093274493,0.45460209067255064,0.5
12.52,0.10832288465080828,0.4916771153491917,0.5
12.540000000000001,0.10118325122285876,0.4988167487771412,0.5
12.56,0.1252349632135527,0.47476503678644727,0.5
12.58,0.17683260935730816,0.4231673906426918,0.5
12.6,0.24795302246622958,0.3520469775337704,0.5
12.620000000000001,0.3274198952363918,0.27258010476360817,0.5
12.64,0.402646422582148,0.19735357741785198,0.5
12.66,0.46162668328126566,0.13837331671873435,0.5
12.68,0.4948613159328076,0.10513868406719237,0.5
12.700000000000001,0.4969073659649853,0.10309263403501467,0.5
12.72,0.46729657027515187,0.1327034297248481,0.5
12.74,0.4106633069908157,0.18933669300918426,0.5
12.76,0.33604834529098854,0.26395165470901144,0.5
12.780000000000001,0.25547778647805897,0.344522213521941,0.5
12.8,0.18203666495133403,0.41796333504866595,0.5
12.82,0.12774358569969535,0.4722564143003046,0.5
12.84,0.10157139487130323,0.49842860512869674,0.5
12.86,0.10794161345896602,0.49205838654103395,0.5
12.88,0.14594862858193938,0.4540513714180606,0.5
12.9,0.20945391686203169,0.3905460831379683,0.5
12.92,0.2880489653971293,0.31195103460287066,0.5
12.94,0.3687409862756262,0.2312590137243738,0.5
12.96,0.4380920684518512,0.16190793154814873,0.5
12.98,0.4844612995214767,0.11553870047852327,0.5
13.0,0.49997532649633203,0.10002467350366795,0.5
13.02,0.48189131221478104,0.11810868778521894,0.5
13.040000000000001,0.43311236104084394,0.166887638959156,0.5
13.06,0.36175439637728923,0.23824560362271074,0.5
13.08,0.27982263527523776,0.3201773647247622,0.5
13.1,0.201208591588329,0.398791408411671,0.5
13.120000000000001,0.13933865861842598,0.460661341381574,0.5
13.14,0.10487135142084691,0.49512864857915306,0.5
13.16,0.10383951247006196,0.496160487529938,0.5
13.18,0.13656466225589872,0.4634353377441013,0.5
13.200000000000001,0.19754345764882797,0.402456542351172,0.5
13.22,0.2763415281947518,0.3236584718052482,0.5
13.24,0.35935551764605944,0.24064448235394054,0.5
13.26,0.432150164637227,0.16784983536277295,0.5
13.280000000000001,0.48197117193497097,0.11802882806502904,0.5
13.3,0.4999962470946635,0.1000037529053365,0.5
13.32,0.4829244805086205,0.11707551949137945,0.5
13.34,0.4336133748720698,0.16638662512793018,0.5
13.36,0.3606357944171865,0.23936420558281346,0.5
13.38,0.2768182608216627,0.32318173917833726,0.5
13.4,0.19700435358231366,0.4029956464176863,0.5
13.42,0.1354297536241716,0.4645702463758284,0.5
13.44,0.10317216329688889,0.4968278367031111,0.5
13.46,0.10613455164609192,0.49386544835390805,0.5
13.48,0.14393277718119402,0.45606722281880596,0.5
13.5,0.20990239325065885,0.39009760674934113,0.5
13.52,0.2922409571433144,0.3077590428566856,0.5
13.540000000000001,0.3760964579820897,0.2239035420179103,0.5
13.56,0.44623683572978146,0.1537631642702185,0.5
13.58,0.48982279110816856,0.11017720889183141,0.5
13.6,0.49877836223171595,0.10122163776828402,0.5
13.620000000000001,0.4713182205576088,0.12868177944239118,0.5
13.64,0.41233767290860157,0.1876623270913984,0.5
13.66,0.3325757884008048,0.26742421159919516,0.5
13.68,0.24668742428878782,0.35331257571121216,0.5
13.700000000000001,0.17056485644483685,0.4294351435551631,0.5
13.72,0.11839557357468708,0.48160442642531287,0.5
13.74,0.10000091337592229,0.49999908662407766,0.5
13.76,0.1189576163832235,0.4810423836167765,0.5
13.780000000000001,0.1718666375432174,0.4281333624567826,0.5
13.8,0.24892434793846935,0.35107565206153063,0.5
13.82,0.3357083761669221,0.26429162383307786,0.5
13.84,0.4158589659717381,0.18414103402826187,0.5
13.86,0.47416106717650786,0.12583893282349212,0.5
13.88,0.49944719815661437,0.10055280184338561,0.5
13.9,0.48676482870583115,0.11323517129416885,0.5
13.92,0.4383826735672597,0.16161732643274027,0.5
13.94,0.3634253116135833,0.23657468838641665,0.5
13.96,0.27618555876085715,0.3238144412391428,0.5
13.98,0.19341990064446124,0.40658009935553874,0.5
14.0,0.13113441489959804,0.46886558510040194,0.5
14.02,0.1014764932883215,0.49852350671167844,0.5
14.040000000000001,0.11033810460970356,0.4896618953902964,0.5
14.06,0.15614843268397616,0.4438515673160238,0.5
14.08,0.23010973297201837,0.3698902670279816,0.5
14.1,0.31785187180100233,0.28214812819899765,0.5
14.120000000000001,0.4022017336216662,0.19779826637833378,0.5
14.14,0.46653856855436837,0.13346143144563158,0.5
14.16,0.4980811873708094,0.10191881262919059,0.5
14.18,0.4904548389886385,0.10954516101136144,0.5
14.200000000000001,0.445017194018667,0.154982805981333,0.5
14.22,0.3706608776869452,0.22933912231305476,0.5
14.24,0.2821093282840787,0.3178906717159213,0.5
14.26,0.19702482099040725,0.40297517900959273,0.5
14.280000000000001,0.13249164556692766,0.4675083544330723,0.5
14.3,0.1015731247254067,0.4984268752745933,0.5
14.32,0.1106384931123065,0.4893615068876935,0.5
14.34,0.15801198469386138,0.4419880153061386,0.5
14.36,0.23423774698994504,0.36576225301005494,0.5
14.38,0.32393047297290817,0.2760695270270918,0.5
14.4,0.4088575371476488,0.1911424628523512,0.5
14.42,0.47164029425401544,0.12835970574598457,0.5
14.44,0.4993245453420545,0.10067545465794547,0.5
14.46,0.4860840764963888,0.11391592350361118,0.5
14.48,0.4344872103275266,0.16551278967247343,0.5
14.5,0.3550435800104782,0.24495641998952178,0.5
14.52,0.2640999916968739,0.33590000830312605,0.5
14.540000000000001,0.18049859314034647,0.41950140685965354,0.5
14.56,0.12167563103696788,0.4783243689630321,0.5
14.58,0.1000076385553898,0.4999923614446102,0.5
14.6,0.12017391477745781,0.47982608522254216,0.5
14.620000000000001,0.17810387012632103,0.42189612987367897,0.5
14.64,0.2617537748733669,0.3382462251266331,0.5
14.66,0.35357534971168236,0.24642465028831761,0.5
14.68,0.4341781225896332,0.16582187741036677,0.5
14.700000000000001,0.4864256014081112,0.11357439859188878,0.5
14.72,0.4991000513717313,0.10089994862826865,0.5
14.74,0.4693479916071399,0.1306520083928601,0.5
14.76,0.40336596006849634,0.19663403993150363,0.5
14.780000000000001,0.3151543273484876,0.2848456726515124,0.5
14.8,0.22357942675316395,0.37642057324683603,0.5
14.82,0.14835301249015234,0.45164698750984766,0.5
14.84,0.10578233995638964,0.49421766004361034,0.5
14.86,0.10520825657587052,0.49479174342412946,0.5
14.88,0.14691467816050116,0.4530853218394988,0.5
14.9,0.22198553419064015,0.3780144658093598,0.5
14.92,0.31416801582900666,0.2858319841709933,0.5
14.94,0.4033627326737558,0.1966372673262442,0.5
14.96,0.4699979600142809,0.13000203998571908,0.5
14.98,0.4993382001190936,0.1006617998809064,0.5
15.0,0.4847759065022564,0.1152240934977436,0.5
15.02,0.42936423861902373,0.17063576138097622,0.5
15.040000000000001,0.34522635662178924,0.25477364337821073,0.5
15.06,0.2509427189990152,0.34905728100098476,0.5
15.08,0.16747013431714136,0.4325298656828586,0.5
15.1,0.11348353287894716,0.4865164671210528,0.5
15.120000000000001,0.10117548396826065,0.49882451603173933,0.5
15.14,0.13346282314703878,0.4665371768529612,0.5
15.16,0.20324868092116916,0.3967513190788308,0.5
15.18,0.29493503756065914,0.30506496243934084,0.5
15.200000000000001,0.38787496713712283,0.21212503286287715,0.5
15.22,0.46100866570197524,0.13899133429802474,0.5
15.24,0.4976457617319504,0.10235423826804954,0.5
15.26,0.4893060358158262,0.11069396418417374,0.5
15.280000000000001,0.4377280271572196,0.16227197284278036,0.5
15.3,0.3545601634394493,0.2454398365605507,0.5
15.32,0.258773372094714,0.34122662790528596,0.5
15.34,0.1723593781706688,0.42764062182933116,0.5
15.36,0.11528378045185947,0.4847162195481405,0.5
15.38,0.10085120838902767,0.4991487916109723,0.5
15.4,0.13256308698996416,0.4674369130100358,0.5
15.42,0.2032189873895882,0.39678101261041177,0.5
15.44,0.2965017008310477,0.30349829916895227,0.5
15.46,0.39070963469210573,0.20929036530789427,0.5
15.48,0.4637916376987438,0.13620836230125616,0.5
15.5,0.4985198465377482,0.10148015346225175,0.5
15.52,0.486584875608978,0.11341512439102194,0.5
15.540000000000001,0.43063242762012144,0.16936757237987857,0.5
15.56,0.3437316575443679,0.25626834245563207,0.5
15.58,0.24636653859850746,0.35363346140149254,0.5
15.6,0.16163184341194545,0.4383681565880545,0.5
15.620000000000001,0.10975416580662742,0.49024583419337253,0.5
15.64,0.10323758861903337,0.4967624113809666,0.5
15.66,0.14380476534440573,0.45619523465559425,0.5
15.68,0.22189181988065698,0.378108180119343,0.5
15.700000000000001,0.31885293893292344,0.28114706106707654,0.5
15.72,0.4113792982928236,0.18862070170717637,0.5
15.74,0.47709358594817,0.12290641405182998,0.5
15.76,0.49997990765366557,0.10002009234633441,0.5
15.780000000000001,0.474327621923354,0.12567237807664602,0.5
15.8,0.40620873826165765,0.19379126173834232,0.5
15.82,0.312095286496473,0.287904713503527,0.5
15.84,0.2149169190793538,0.38508308092064614,0.5
15.860000000000001,0.13849182374363994,0.46150817625636004,0.5
15.88,0.10167881273637816,0.49832118726362185,0.5
15.9,0.11368839470422085,0.4863116052957791,0.5
15.92,0.17172678461510335,0.4282732153848966,0.5
15.94,0.2615872734599903,0.3384127265400097,0.5
15.96,0.36108109529992016,0.23891890470007981,0.5
15.98,0.4454914314053239,0.15450856859467613,0.5
16.0,0.49371663222572554,0.10628336777427444,0.5
16.02,0.4935755432227064,0.10642445677729356,0.5
16.04,0.4449340898554428,0.15506591014455717,0.5
16.06,0.35983893543992534,0.24016106456007466,0.5
16.080000000000002,0.25958529289887927,0.3404147071011207,0.5
16.1,0.16941896350641056,0.4305810364935894,0.5
16.12,0.1121823012221094,0.4878176987778906,0.5
16.14,0.10250200225417105,0.4974979977458289,0.5
16.16,0.1430035427209731,0.4569964572790269,0.5
16.18,0.22354342842426547,0.37645657157573453,0.5
16.2,0.3236946580175525,0.2763053419824475,0.5
16.22,0.41789127385190117,0.1821087261480988,0.5
16.240000000000002,0.4819461360051522,0.1180538639948478,0.5
16.26,0.4992829585239787,0.10071704147602129,0.5
16.28,0.4652718867104541,0.13472811328954587,0.5
16.3,0.38852347630648754,0.21147652369351244,0.5
16.32,0.2887665529917066,0.31123344700829336,0.5
16.34,0.19181696654648864,0.40818303345351137,0.5
16.36,0.12290933393851569,0.4770906660614843,0.5
16.38,0.10011042487151683,0.49988957512848314,0.5
16.4,0.12953765989183857,0.4704623401081614,0.5
16.42,0.20365917612878132,0.39634082387121866,0.5
16.44,0.3031615671589955,0.2968384328410045,0.5
16.46,0.40193913219480387,0.1980608678051961,0.5
16.48,0.47392766896160693,0.12607233103839305,0.5
16.5,0.49999845787629416,0.10000154212370585,0.5
16.52,0.47308515709463383,0.12691484290536614,0.5
16.54,0.4001584841581126,0.1998415158418874,0.5
16.56,0.30048254816342035,0.29951745183657963,0.5
16.580000000000002,0.20057116292834576,0.3994288370716542,0.5
16.6,0.12715206351390038,0.4728479364860996,0.5
16.62,0.1000010308635027,0.4999989691364973,0.5
16.64,0.12657083683004022,0.47342916316995975,0.5
16.66,0.19988502716846024,0.40011497283153974,0.5
16.68,0.3003066193228817,0.29969338067711826,0.5
16.7,0.4007517800390046,0.1992482199609954,0.5
16.72,0.473977278051236,0.126022721948764,0.5
16.740000000000002,0.499986032062838,0.100013967937162,0.5
16.76,0.4715337690907605,0.12846623090923948,0.5
16.78,0.39620864845736786,0.20379135154263212,0.5
16.8,0.29447150123307575,0.30552849876692423,0.5
16.82,0.19414394144109648,0.4058560585589035,0.5
16.84,0.12281598427200038,0.4771840157279996,0.5
16.86,0.10024020018747129,0.4997597998125287,0.5
16.88,0.13281369479573807,0.4671863052042619,0.5
16.9,0.21170196147765846,0.3882980385223415,0.5
16.92,0.3151706166161438,0.28482938338385616,0.5
16.94,0.41452866699019336,0.18547133300980662,0.5
16.96,0.48207115011369783,0.11792884988630217,0.5
16.98,0.49882655580753843,0.10117344419246155,0.5
17.0,0.4599369316974153,0.1400630683025847,0.5
17.02,0.3761313203240381,0.22386867967596186,0.5
17.04,0.27082980625859276,0.3291701937414072,0.5
17.06,0.17364078053622597,0.426359219463774,0.5
17.080000000000002,0.1120444808600014,0.4879555191399986,0.5
17.1,0.1035957269745309,0.4964042730254691,0.5
17.12,0.15086534682841177,0.4491346531715882,0.5
17.14,0.2405928836039536,0.3594071163960464,0.5
17.16,0.34734375377839233,0.25265624622160765,0.5
17.18,0.4406810247198866,0.15931897528011335,0.5
17.2,0.4938410254559652,0.10615897454403478,0.5
17.22,0.49144124485298213,0.10855875514701788,0.5
17.240000000000002,0.43399164326326467,0.16600835673673528,0.5
17.26,0.3378699541376252,0.26213004586237476,0.5
17.28,0.23071292840599406,0.3692870715940059,0.5
17.3,0.14350227436007507,0.4564977256399249,0.5
17.32,0.10160172479852927,0.49839827520147073,0.5
17.34,0.11733915624779265,0.4826608437522073,0.5
17.36,0.18631450914501535,0.4136854908549846,0.5
17.38,0.2885570321127204,0.3114429678872796,0.5
17.400000000000002,0.3942516398285484,0.20574836017145157,0.5
17.42,0.4724094659263526,0.1275905340736474,0.5
17.44,0.49996869500003205,0.10003130499996793,0.5
17.46,0.4686490997045561,0.13135090029544388,0.5
17.48,0.3875090405333863,0.2124909594666137,0.5
17.5,0.2803965719340789,0.31960342806592107,0.5
17.52,0.17898944394275368,0.4210105560572463,0.5
17.54,0.11344002194673863,0.48655997805326134,0.5
17.56,0.10338330296460335,0.4966166970353966,0.5
17.580000000000002,0.15199684353403609,0.4480031564659639,0.5
17.6,0.24492621796640762,0.35507378203359236,0.5
17.62,0.3544561837590844,0.24554381624091556,0.5
17.64,0.4477366284743899,0.1522633715256101,0.5
17.66,0.49663439658715774,0.10336560341284223,0.5
17.68,0.48625718164002946,0.11374281835997052,0.5
17.7,0.41955581316682405,0.18044418683317592,0.5
17.72,0.31656358955676817,0.2834364104432318,0.5
17.740000000000002,0.20844023705869147,0.3915597629413085,0.5
17.76,0.12807204656836066,0.4719279534316393,0.5
17.78,0.10005489396937017,0.4999451060306298,0.5
17.8,0.13311502434544595,0.466884975654554,0.5
17.82,0.21731821120649575,0.38268178879350423,0.5
17.84,0.3269804239911831,0.2730195760088169,0.5
17.86,0.428451493836304,0.17154850616369596,0.5
17.88,0.4904291221972513,0.10957087780274863,0.5
17.900000000000002,0.4936461232596113,0.10635387674038863,0.5
17.92,0.43692407727777305,0.16307592272222696,0.5
17.94,0.33767251037455015,0.26232748962544983,0.5
17.96,0.22661350176278294,0.37338649823721703,0.5
17.98,0.13830820747428232,0.4616917925257177,0.5
18.0,0.10039465431434588,0.49960534568565407,0.5
18.02,0.12488962041421131,0.47511037958578867,0.5
18.04,0.2043062540986912,0.3956937459013088,0.5
18.06,0.31386340379478733,0.28613659620521265,0.5
18.080000000000002,0.4191615606289142,0.18083843937108582,0.5
18.1,0.4869663748078721,0.11303362519212787,0.5
18.12,0.49572548886321344,0.10427451113678651,0.5
18.14,0.44248273637833846,0.15751726362166155,0.5
18.16,0.3439523506263974,0.2560476493736026,0.5
18.18,0.2313439865038824,0.36865601349611754,0.5
18.2,0.14051690994371233,0.4594830900562876,0.5
18.22,0.10055607451783072,0.49944392548216926,0.5
18.240000000000002,0.12441035652842486,0.4755896434715751,0.5
18.26,0.20462089310872553,0.3953791068912744,0.5
18.28,0.31557155102447965,0.28442844897552033,0.5
18.3,0.4216110019828419,0.17838899801715807,0.5
18.32,0.4884907955050054,0.1115092044949946,0.5
18.34,0.4944560750740765,0.10554392492592343,0.5
18.36,0.43738868795482144,0.1626113120451785,0.5
18.38,0.33563665994036274,0.26436334005963724,0.5
18.400000000000002,0.22218807233626736,0.3778119276637326,0.5
18.42,0.1340145997449746,0.4659854002550254,0.5
18.44,0.10001401252699454,0.49998598747300543,0.5
18.46,0.13148612909974094,0.46851387090025903,0.5
18.48,0.21829771211166338,0.3817022878883366,0.5
18.5,0.33206237838167985,0.26793762161832013,0.5
18.52,0.43536656030621035,0.16463343969378966,0.5
18.54,0.4940621511821352,0.10593784881786478,0.5
18.56,0.48859141449156507,0.11140858550843488,0.5
18.580000000000002,0.4205768853024566,0.17942311469754338,0.5
18.6,0.3124326856977184,0.28756731430228155,0.5
18.62,0.20004825094209325,0.39995174905790676,0.5
18.64,0.12090833656866395,0.479091663431336,0.5
18.66,0.10157092325741837,0.49842907674258163,0.5
18.68,0.1486918952513872,0.45130810474861277,0.5
18.7,0.24664987906662444,0.35335012093337553,0.5
18.72,0.36264416504300057,0.23735583495699938,0.5
18.740000000000002,0.4576304282457028,0.14236957175429715,0.5
18.76,0.49946497952222946,0.10053502047777052,0.5
18.78,0.47383266919834877,0.12616733080165124,0.5
18.8,0.38922706676353563,0.21077293323646434,0.5
18.82,0.2742241267031842,0.3257758732968158,0.5
18.84,0.16789228637548675,0.4321077136245132,0.5
18.86,0.10653550567664666,0.4934644943233533,0.5
18.88,0.11126178679853213,0.4887382132014678,0.5
18.900000000000002,0.1806457605355789,0.4193542394644211,0.5
18.92,0.29106074975490454,0.30893925024509544,0.5
18.94,0.40465074766558523,0.19534925233441475,0.5
18.96,0.48227858677274993,0.11772141322725002,0.5
18.98,0.4970328737917783,0.10296712620822171,0.5
19.0,0.44362525955264076,0.1563747404473592,0.5
19.02,0.34037409270097546,0.2596259072990245,0.5
19.04,0.22300380233540607,0.3769961976645939,0.5
19.06,0.13232910882334187,0.4676708911766581,0.5
19.080000000000002,0.10005357714762053,0.49994642285237945,0.5
19.1,0.13762608133484713,0.46237391866515287,0.5
19.12,0.2320916416972431,0.36790835830275687,0.5
19.14,0.3504691327278694,0.2495308672721306,0.5
19.16,0.451209448893081,0.14879055110691897,0.5
19.18,0.498774059350814,0.10122594064918597,0.5
19.2,0.47622108663053353,0.12377891336946648,0.5
19.22,0.3913250670040148,0.20867493299598514,0.5
19.240000000000002,0.27399111317884134,0.32600888682115864,0.5
19.26,0.1657874019515291,0.4342125980484709,0.5
19.28,0.10523535787476224,0.49476464212523774,0.5
19.3,0.11405627009033867,0.4859437299096613,0.5
19.32,0.1892979665339969,0.4107020334660031,0.5
19.34,0.30422324324694844,0.29577675675305154,0.5
19.36,0.41773590731272014,0.18226409268727983,0.5
19.38,0.4890491448666816,0.1109508551333184,0.5
19.400000000000002,0.4923711961883237,0.1076288038116763,0.5
19.42,0.4263105100839202,0.1736894899160798,0.5
19.44,0.31454403443469625,0.2854559655653037,0.5
19.46,0.19741290151684554,0.40258709848315444,0.5
19.48,0.11739806100497138,0.48260193899502857,0.5
19.5,0.10369123322479593,0.4963087667752041,0.5
19.52,0.16147223358577745,0.43852776641422253,0.5
19.54,0.2698567381437616,0.3301432618562384,0.5
19.56,0.3893575020844229,0.2106424979155771,0.5
19.580000000000002,0.476226434946652,0.12377356505334797,0.5
19.6,0.49848531287753617,0.10151468712246381,0.5
19.62,0.4477662712935665,0.15223372870643345,0.5
19.64,0.34255368994627206,0.2574463100537279,0.5
19.66,0.2215391267257858,0.3784608732742142,0.5
19.68,0.1294430836396195,0.47055691636038044,0.5
19.7,0.1004796707739502,0.4995203292260498,0.5
19.72,0.14558062858357756,0.4544193714164224,0.5
19.740000000000002,0.2481726706270359,0.35182732937296407,0.5
19.76,0.37017276628179796,0.22982723371820205,0.5
19.78,0.46606947818285094,0.133930521817149,0.5
19.8,0.49990521980634894,0.10009478019365106,0.5
19.82,0.458821759097145,0.14117824090285497,0.5
19.84,0.3580437075186337,0.2419562924813663,0.5
19.86,0.23533422859264608,0.3646657714073539,0.5
19.88,0.13690361791610423,0.46309638208389575,0.5
19.900000000000002,0.10000592420079485,0.49999407579920513,0.5
19.92,0.1387776499731212,0.4612223500268788,0.5
19.94,0.23872389130142746,0.3612761086985725,0.5
19.96,0.36203759799190494,0.23796240200809504,0.5
19.98,0.46183958420981225,0.13816041579018773,0.5
