dir,file,r_same,r_cross,swap
data/ral_20260731_c,deploy_gmd_03_high_bpm138_RAL-E_seed3_trial03_1785485407.csv,-0.3770609921010218,0.6142055788118718,True
data/ral_20260731_c,deploy_gmd_03_high_bpm138_RAL-B_seed2_trial01_1785484644.csv,-0.02028988568763529,0.7583656109476331,True
data/ral_20260731_c,deploy_gmd_03_high_bpm138_RAL-B_seed3_trial01_1785485493.csv,-0.7160853012385285,0.6407904853280612,True
data/ral_20260731_c,deploy_gmd_03_high_bpm138_RAL-E_seed4_trial01_1785485125.csv,-0.44287466010894366,0.5988861922260668,True
data/ral_20260731_c,deploy_gmd_03_high_bpm138_RAL-B_seed2_trial03_1785485766.csv,-0.017790504602635593,0.7427281417576146,True
data/ral_20260731_c,deploy_gmd_03_high_bpm138_RAL-E_seed5_trial02_1785485451.csv,-0.595290371351156,0.6493710420594533,True
data/ral_20260731_c,deploy_gmd_03_high_bpm138_RAL-E_seed4_trial03_1785485863.csv,-0.4661162153878244,0.6715067760408143,True
data/ral_20260731_c,deploy_gmd_03_high_bpm138_RAL-E_seed1_trial01_1785484770.csv,-0.6449168825305729,0.587844091333925,True
data/ral_20260731_c,deploy_gmd_03_high_bpm138_RAL-E_seed3_trial01_1785485687.csv,-0.3838460208674592,0.6147901830745393,True
data/ral_20260731_c,deploy_gmd_03_high_bpm138_RAL-B_seed3_trial02_1785484953.csv,-0.6436133931648752,0.5044189693022192,True
data/ral_20260731_c,deploy_gmd_03_high_bpm138_RAL-E_seed5_trial03_1785486019.csv,-0.6170964336886829,0.6309454974153683,True
data/ral_20260731_c,deploy_gmd_03_high_bpm138_RAL-E_seed2_trial02_1785485537.csv,-0.2588887998720812,0.6349426966317112,True
data/ral_20260731_c,deploy_gmd_03_high_bpm138_RAL-E_seed5_trial01_1785486059.csv,-0.6149143586932563,0.5836391218019374,True
data/ral_20260731_c,deploy_gmd_03_high_bpm138_RAL-E_seed3_trial02_1785484683.csv,-0.4057322655405368,0.6472328147876023,True
data/ral_20260731_c,deploy_gmd_03_high_bpm138_RAL-B_seed1_trial02_1785485966.csv,-0.34321200873134006,0.7155869144067567,True
data/ral_20260731_c,deploy_gmd_03_high_bpm138_RAL-B_seed4_trial01_1785485642.csv,-0.13499336739459064,0.7075420715556998,True
data/ral_20260731_c,deploy_gmd_03_high_bpm138_RAL-B_seed5_trial01_1785485187.csv,-0.4468098540874374,0.5818328581340003,True
data/ral_20260731_c,deploy_gmd_03_high_bpm138_RAL-E_seed1_trial02_1785485042.csv,-0.5816941034538683,0.5694452421696233,True
data/ral_20260731_c,deploy_gmd_03_high_bpm138_RAL-B_seed3_trial03_1785485597.csv,-0.7232394747549996,0.6673748113889505,True
data/ral_20260731_c,deploy_gmd_03_high_bpm138_RAL-B_seed4_trial02_1785485321.csv,-0.16034293917233366,0.6345824478471347,True
data/ral_20260731_c,deploy_gmd_03_high_bpm138_RAL-B_seed4_trial03_1785485823.csv,-0.12587557261328688,0.7301127100508995,True
data/ral_20260731_c,deploy_gmd_03_high_bpm138_RAL-B_seed5_trial03_1785484996.csv,-0.3742607501479006,0.5136470653065551,True
data/ral_20260731_c,deploy_gmd_03_high_bpm138_RAL-B_seed5_trial02_1785485366.csv,-0.4397105374399261,0.6031768359622008,True
data/ral_20260731_c,deploy_gmd_03_high_bpm138_RAL-E_seed1_trial03_1785484729.csv,-0.6638223243043957,0.618627702828639,True
data/ral_20260731_c,deploy_gmd_03_high_bpm138_RAL-B_seed2_trial02_1785484914.csv,-0.042519367397001975,0.5795145124144468,True
data/ral_20260731_c,deploy_gmd_03_high_bpm138_RAL-E_seed2_trial03_1785485083.csv,-0.15664694935396292,0.646902376661461,True
data/ral_20260731_c,deploy_gmd_03_high_bpm138_RAL-E_seed4_trial02_1785484850.csv,-0.44824408094041135,0.6042055382228501,True
data/ral_20260731_c,deploy_gmd_03_high_bpm138_RAL-E_seed2_trial01_1785485269.csv,-0.27037199966858194,0.632602850691713,True
data/ral_20260731_c,deploy_gmd_03_high_bpm138_RAL-B_seed1_trial03_1785485925.csv,-0.3421695700923937,0.7430101421680831,True
data/ral_20260731_c,deploy_gmd_03_high_bpm138_RAL-B_seed1_trial01_1785484811.csv,-0.32732220445907095,0.6619858692770781,True
data/ral_20260803,deploy_test_double_bpm160_RAL-E_seed2_trial01_1785732479.csv,-0.06794754745889924,0.7413531181757178,True
data/ral_20260803,deploy_test_double_bpm160_RAL-B_seed3_trial01_1785730814.csv,-0.6182054699012047,0.7497985761748454,True
data/ral_20260803,deploy_test_double_bpm160_RAL-D_seed1_trial01_1785731666.csv,-0.09710917592725136,0.5354475852128446,True
data/ral_20260803,deploy_test_single8_bpm120_RAL-E_seed4_trial01_1785733613.csv,-0.3576799516854403,0.568749471068082,True
data/ral_20260803,deploy_test_double_bpm160_RAL-B_seed4_trial01_1785732878.csv,-0.13515954500021238,0.6911948660347733,True
data/ral_20260803,deploy_gmd_03_high_bpm138_RAL-A_seed5_trial01_1785732633.csv,-0.07274313915766106,0.6956178615295202,True
data/ral_20260803,deploy_test_single8_bpm120_RAL-E_seed5_trial01_1785731143.csv,-0.32927078933871873,0.6074749004263301,True
data/ral_20260803,deploy_test_single8_bpm120_RAL-B_seed3_trial01_1785731563.csv,-0.7357802972256338,0.7714530917126654,True
data/ral_20260803,deploy_test_double_bpm160_RAL-E_seed1_trial01_1785730544.csv,-0.52946767760655,0.7174365490513475,True
data/ral_20260803,deploy_gmd_03_high_bpm138_RAL-B_seed4_trial03_1785734969.csv,-0.1700729470587052,0.7262832024640452,True
data/ral_20260803,deploy_gmd_03_high_bpm138_RAL-B_seed3_trial01_1785731867.csv,-0.6770474928799735,0.6542131271482123,True
data/ral_20260803,deploy_gmd_03_high_bpm138_RAL-E_seed4_trial03_1785735647.csv,-0.5071316678954416,0.590808109509726,True
data/ral_20260803,deploy_gmd_03_high_bpm138_RAL-A_seed4_trial01_1785731072.csv,0.30547371860156086,0.6103731033523496,True
data/ral_20260803,deploy_test_double_bpm160_RAL-B_seed1_trial01_1785733592.csv,-0.4469322757211114,0.7412082245310241,True
data/ral_20260803,deploy_test_single8_bpm120_RAL-B_seed4_trial01_1785733094.csv,0.0525597642028017,0.6584269865845184,True
data/ral_20260803,deploy_gmd_03_high_bpm138_RAL-D_seed2_trial03_1785735231.csv,-0.36539890896057403,0.5162506904208612,True
data/ral_20260803,deploy_gmd_03_high_bpm138_RAL-B_seed2_trial02_1785735729.csv,-0.1210018743126941,0.6979595177836949,True
data/ral_20260803,deploy_gmd_03_high_bpm138_RAL-A_seed2_trial01_1785730957.csv,0.20052332952055518,0.601968247484046,True
data/ral_20260803,deploy_test_single8_bpm120_RAL-E_seed3_trial01_1785732500.csv,-0.09626279180117256,0.6048488612954224,True
data/ral_20260803,deploy_gmd_03_high_bpm138_RAL-E_seed3_trial03_1785735450.csv,-0.33301230843681445,0.6787435501961241,True
data/ral_20260803,deploy_test_single8_bpm120_RAL-D_seed2_trial01_1785730888.csv,-0.11963898253114122,0.45898314826723036,True
data/ral_20260803,deploy_gmd_03_high_bpm138_RAL-B_seed5_trial02_1785734924.csv,-0.4428069319193547,0.7042180270349747,True
data/ral_20260803,deploy_test_single8_bpm120_RAL-D_seed3_trial01_1785731592.csv,-0.18199449981770632,0.5385193626364452,True
data/ral_20260803,deploy_gmd_03_high_bpm138_RAL-D_seed5_trial02_1785735092.csv,-0.3705511572918295,0.7028557639419052,True
data/ral_20260803,deploy_gmd_03_high_bpm138_RAL-D_seed1_trial02_1785734883.csv,-0.2053527091085508,0.5534229654117762,True
data/ral_20260803,deploy_test_double_bpm160_RAL-A_seed5_trial01_1785731531.csv,-0.02209920204598399,0.7857704033995363,True
data/ral_20260803,deploy_gmd_03_high_bpm138_RAL-E_seed5_trial02_1785734734.csv,-0.5699662641592483,0.6190961261416336,True
data/ral_20260803,deploy_test_double_bpm160_RAL-A_seed4_trial01_1785732309.csv,0.4630847796848828,0.5719519726975197,True
data/ral_20260803,deploy_test_double_bpm160_RAL-C_seed5_trial01_1785730791.csv,-0.3338712951345798,0.8052664318289552,True
data/ral_20260803,deploy_gmd_03_high_bpm138_RAL-C_seed3_trial01_1785732021.csv,-0.5323713879783813,0.8146457616200136,True
data/ral_20260803,deploy_test_single8_bpm120_RAL-A_seed1_trial01_1785732407.csv,-0.07794073736019341,0.7539343761150172,True
data/ral_20260803,deploy_gmd_03_high_bpm138_RAL-E_seed1_trial01_1785730584.csv,-0.624922886239932,0.5710268291943482,True
data/ral_20260803,deploy_gmd_03_high_bpm138_RAL-D_seed2_trial01_1785731981.csv,-0.3781361031334926,0.4812390593435333,True
data/ral_20260803,deploy_gmd_03_high_bpm138_RAL-D_seed4_trial02_1785735837.csv,-0.44500216055877934,0.5688154405780269,True
data/ral_20260803,deploy_gmd_03_high_bpm138_RAL-D_seed3_trial01_1785733002.csv,-0.2264165712010789,0.48066390778222284,True
data/ral_20260803,deploy_gmd_03_high_bpm138_RAL-D_seed4_trial03_1785735325.csv,-0.44521771177280095,0.5387177100110287,True
data/ral_20260803,deploy_test_double_bpm160_RAL-E_seed5_trial01_1785731885.csv,-0.4603069599584909,0.7013877099238212,True
data/ral_20260803,deploy_test_single8_bpm120_RAL-A_seed2_trial01_1785730482.csv,0.25691296145926595,0.6882236446448167,True
data/ral_20260803,deploy_test_double_bpm160_RAL-E_seed4_trial01_1785733431.csv,-0.48199613760442794,0.6386746252430694,True
data/ral_20260803,deploy_test_single8_bpm120_RAL-D_seed4_trial01_1785730978.csv,-0.20731738705083946,0.6635460754916499,True
data/ral_20260803,deploy_gmd_03_high_bpm138_RAL-E_seed1_trial03_1785734650.csv,-0.5910078566183695,0.5588350014850365,True
data/ral_20260803,deploy_gmd_03_high_bpm138_RAL-B_seed3_trial03_1785735492.csv,-0.6726454088776327,0.6773079294569069,True
data/ral_20260803,deploy_test_double_bpm160_RAL-E_seed3_trial01_1785733069.csv,-0.054014620641961233,0.7083393254526537,True
data/ral_20260803,deploy_test_double_bpm160_RAL-C_seed3_trial01_1785732291.csv,-0.3608083840306826,0.8863925225623389,True
data/ral_20260803,deploy_gmd_03_high_bpm138_RAL-B_seed1_trial03_1785734393.csv,-0.3320451612570352,0.7189665243063328,True
data/ral_20260803,deploy_gmd_03_high_bpm138_RAL-B_seed3_trial02_1785734489.csv,-0.6831071298040643,0.6765229397735032,True
data/ral_20260803,deploy_test_double_bpm160_RAL-B_seed5_trial01_1785731904.csv,-0.4419617002548758,0.7265320596906562,True
data/ral_20260803,deploy_test_single8_bpm120_RAL-C_seed1_trial01_1785733649.csv,-0.4265419878542,0.6989790783133231,True
data/ral_20260803,deploy_test_single8_bpm120_RAL-B_seed1_trial01_1785731646.csv,-0.3151187617275834,0.7861829293798832,True
data/ral_20260803,deploy_test_double_bpm160_RAL-C_seed4_trial01_1785732858.csv,-0.30363587733475433,0.8574515653682262,True
data/ral_20260803,deploy_test_double_bpm160_RAL-B_seed2_trial01_1785732193.csv,0.21327291433647766,0.810778944408959,True
data/ral_20260803,deploy_gmd_03_high_bpm138_RAL-B_seed4_trial02_1785734784.csv,-0.16118762613593082,0.6794044279764145,True
data/ral_20260803,deploy_test_double_bpm160_RAL-A_seed1_trial01_1785733454.csv,-0.15988845532629353,0.7599184590165595,True
data/ral_20260803,deploy_gmd_03_high_bpm138_RAL-E_seed2_trial03_1785735177.csv,-0.29652001352807267,0.6513832184049767,True
data/ral_20260803,deploy_test_double_bpm160_RAL-D_seed4_trial01_1785732840.csv,-0.32570100931444224,0.5711248376386285,True
data/ral_20260803,deploy_test_single8_bpm120_RAL-B_seed2_trial01_1785731095.csv,0.3738538470468975,0.75699736319952,True
data/ral_20260803,deploy_test_single8_bpm120_RAL-C_seed2_trial01_1785733392.csv,-0.0395541739352065,0.6436875809912563,True
data/ral_20260803,deploy_test_single8_bpm120_RAL-D_seed5_trial01_1785732576.csv,-0.23910803951028903,0.559094460239419,True
data/ral_20260803,deploy_test_single8_bpm120_RAL-C_seed5_trial01_1785732376.csv,-0.26620183279199394,0.7048948773975205,True
data/ral_20260803,deploy_gmd_03_high_bpm138_RAL-D_seed1_trial01_1785733572.csv,-0.19728966886505225,0.49284371542064026,True
data/ral_20260803,deploy_gmd_03_high_bpm138_RAL-C_seed4_trial01_1785731708.csv,-0.4068898559493455,0.7267206809676173,True
data/ral_20260803,deploy_test_single8_bpm120_RAL-E_seed1_trial01_1785733517.csv,-0.4766566583978328,0.4899295372990007,True
data/ral_20260803,deploy_test_double_bpm160_RAL-D_seed2_trial01_1785730683.csv,-0.2688073178323246,0.6459197884291906,True
data/ral_20260803,deploy_gmd_03_high_bpm138_RAL-E_seed3_trial02_1785734244.csv,-0.3445085602361069,0.6382521910650522,True
data/ral_20260803,deploy_test_double_bpm160_RAL-A_seed3_trial01_1785730998.csv,-0.3439717792889587,0.5391777513511373,True
data/ral_20260803,deploy_gmd_03_high_bpm138_RAL-E_seed4_trial02_1785735277.csv,-0.510373550232279,0.6113220953644275,True
data/ral_20260803,deploy_gmd_03_high_bpm138_RAL-B_seed1_trial02_1785735688.csv,-0.38539748410825136,0.7206212220665615,True
data/ral_20260803,deploy_gmd_03_high_bpm138_RAL-D_seed5_trial01_1785732079.csv,-0.2871946611351551,0.6494559911390969,True
data/ral_20260803,deploy_gmd_03_high_bpm138_RAL-E_seed5_trial01_1785732917.csv,-0.5655126104744389,0.6061459606811787,True
data/ral_20260803,deploy_test_single8_bpm120_RAL-D_seed1_trial01_1785730917.csv,0.013903629247706287,0.5895081275900549,True
data/ral_20260803,deploy_gmd_03_high_bpm138_RAL-E_seed3_trial01_1785732174.csv,-0.38349271516612443,0.662613406302136,True
data/ral_20260803,deploy_test_double_bpm160_RAL-A_seed2_trial01_1785732351.csv,0.1639919447370445,0.6331539390373793,True
data/ral_20260803,deploy_gmd_03_high_bpm138_RAL-A_seed3_trial01_1785733497.csv,-0.07466637925378587,0.4874384053149424,True
data/ral_20260803,deploy_gmd_03_high_bpm138_RAL-A_seed1_trial01_1785732248.csv,0.07928997460809277,0.7149763838127362,True
data/ral_20260803,deploy_test_double_bpm160_RAL-D_seed5_trial01_1785731922.csv,-0.8011142450899078,0.8954474833403222,True
data/ral_20260803,deploy_gmd_03_high_bpm138_RAL-E_seed5_trial03_1785734285.csv,-0.5725925282815236,0.6279662344701377,True
data/ral_20260803,deploy_gmd_03_high_bpm138_RAL-B_seed1_trial01_1785732119.csv,-0.38400130436258434,0.7583765256309837,True
data/ral_20260803,deploy_gmd_03_high_bpm138_RAL-C_seed2_trial01_1785732960.csv,-0.307764158435863,0.5919833140572414,True
data/ral_20260803,deploy_gmd_03_high_bpm138_RAL-D_seed5_trial03_1785735133.csv,-0.32986522991668055,0.6594103193713459,True
data/ral_20260803,deploy_gmd_03_high_bpm138_RAL-D_seed3_trial03_1785735551.csv,-0.22079477597738292,0.5646807361977545,True
data/ral_20260803,deploy_gmd_03_high_bpm138_RAL-D_seed4_trial01_1785732552.csv,-0.42150824323583286,0.5949651560728741,True
data/ral_20260803,deploy_gmd_03_high_bpm138_RAL-C_seed5_trial01_1785731425.csv,-0.5453544017596809,0.660682174015414,True
data/ral_20260803,deploy_gmd_03_high_bpm138_RAL-B_seed2_trial01_1785731491.csv,-0.1483830090589019,0.7376266945882624,True
data/ral_20260803,deploy_gmd_03_high_bpm138_RAL-E_seed2_trial02_1785734837.csv,-0.2821100401979779,0.6224349140799591,True
data/ral_20260803,deploy_test_single8_bpm120_RAL-E_seed2_trial01_1785731023.csv,-0.06942005831655042,0.6825717080293682,True
data/ral_20260803,deploy_gmd_03_high_bpm138_RAL-B_seed2_trial03_1785735785.csv,-0.12092850116736914,0.6925080770157022,True
data/ral_20260803,deploy_gmd_03_high_bpm138_RAL-E_seed1_trial02_1785734353.csv,-0.5751190057827267,0.5352406739865831,True
data/ral_20260803,deploy_gmd_03_high_bpm138_RAL-E_seed4_trial01_1785732448.csv,-0.5126041695878646,0.5830575214420861,True
data/ral_20260803,deploy_gmd_03_high_bpm138_RAL-B_seed4_trial01_1785730526.csv,-0.16430213793212026,0.7156774935531036,True
data/ral_20260803,deploy_test_single8_bpm120_RAL-A_seed3_trial01_1785731825.csv,-0.08001747090416048,0.5225240468169133,True
data/ral_20260803,deploy_test_single8_bpm120_RAL-C_seed4_trial01_1785730455.csv,-0.5239999882964677,0.8381061011086808,True
data/ral_20260803,deploy_gmd_03_high_bpm138_RAL-D_seed3_trial02_1785734691.csv,-0.23224292698865937,0.5032347816676123,True
data/ral_20260803,deploy_gmd_03_high_bpm138_RAL-C_seed1_trial01_1785730753.csv,-0.4770998864508451,0.6329106664657085,True
data/ral_20260803,deploy_gmd_03_high_bpm138_RAL-D_seed2_trial02_1785735878.csv,-0.3647262065408372,0.47846188931609623,True
data/ral_20260803,deploy_test_single8_bpm120_RAL-B_seed5_trial01_1785731941.csv,-0.39071946071158103,0.7834006376932481,True
data/ral_20260803,deploy_gmd_03_high_bpm138_RAL-E_seed2_trial01_1785730864.csv,-0.31597451731275433,0.6439166720450149,True
data/ral_20260803,deploy_gmd_03_high_bpm138_RAL-B_seed5_trial03_1785735592.csv,-0.45212383249156096,0.6932364776948426,True
data/ral_20260803,deploy_test_double_bpm160_RAL-D_seed3_trial01_1785731442.csv,-0.6829570973097769,0.7530751667301441,True
data/ral_20260803,deploy_test_single8_bpm120_RAL-C_seed3_trial01_1785730642.csv,-0.38219697826144544,0.8072251023783714,True
data/ral_20260803,deploy_gmd_03_high_bpm138_RAL-D_seed1_trial03_1785735015.csv,-0.20998608677745548,0.562075262646632,True
data/ral_20260803,deploy_test_single8_bpm120_RAL-A_seed5_trial01_1785731119.csv,0.09757754390033438,0.8446732326121027,True
data/ral_20260803,deploy_test_single8_bpm120_RAL-A_seed4_trial01_1785732823.csv,0.04524037300424976,0.517305914989998,True
data/ral_20260803,deploy_test_double_bpm160_RAL-C_seed2_trial01_1785733051.csv,-0.3694958018011108,0.6318747677754839,True
data/ral_20260803,deploy_gmd_03_high_bpm138_RAL-B_seed5_trial01_1785733373.csv,-0.40970222997553485,0.5860627798313862,True
data/ral_20260803,deploy_test_double_bpm160_RAL-C_seed1_trial01_1785731611.csv,-0.35105886911494594,0.8538620581450967,True
data/ral_20260731,deploy_test_single4_bpm60_RAL-B_seed1_trial02_1785466944.csv,-0.6539374075995102,0.8600575628800615,True
data/ral_20260731,deploy_test_double_bpm160_RAL-B_seed2_trial01_1785468015.csv,0.41179004845724015,0.842720563678429,True
data/ral_20260731,deploy_gmd_04_extreme_bpm170_RAL-E_seed3_trial03_1785472994.csv,-0.4391852953888831,0.5711875431307119,True
data/ral_20260731,deploy_test_double_bpm160_RAL-E_seed1_trial02_1785473802.csv,-0.6543725363599204,0.6156593751164035,True
data/ral_20260731,deploy_gmd_04_extreme_bpm170_RAL-D_seed3_trial02_1785472925.csv,-0.32155279786266694,0.5550739292448005,True
data/ral_20260731,deploy_test_single8_bpm120_RAL-B_seed1_trial02_1785470521.csv,-0.221173249163398,0.7335488527410515,True
data/ral_20260731,deploy_gmd_04_extreme_bpm170_RAL-E_seed4_trial02_1785473991.csv,-0.49588341955804455,0.6120546209419296,True
data/ral_20260731,deploy_test_double_bpm160_RAL-E_seed5_trial02_1785470031.csv,-0.5651161078391693,0.7149609245165865,True
data/ral_20260731,deploy_gmd_03_high_bpm138_RAL-B_seed1_trial02_1785468264.csv,-0.3084683063176515,0.643738553910129,True
data/ral_20260731,deploy_test_single8_bpm120_RAL-D_seed1_trial01_1785469608.csv,-0.14467691514311107,0.6537103202699666,True
data/ral_20260731,deploy_test_single8_bpm120_RAL-B_seed1_trial03_1785473608.csv,-0.21777551774493056,0.7662406598513634,True
data/ral_20260731,deploy_test_double_bpm160_RAL-B_seed5_trial03_1785469865.csv,-0.40973754531869083,0.68744012650675,True
data/ral_20260731,deploy_test_double_bpm160_RAL-B_seed5_trial02_1785473494.csv,-0.39602485225378914,0.6746913824406069,True
data/ral_20260731,deploy_test_double_bpm160_RAL-D_seed3_trial03_1785469970.csv,-0.6916335409084237,0.7305831103650797,True
data/ral_20260731,deploy_gmd_03_high_bpm138_RAL-E_seed1_trial03_1785468662.csv,-0.6633326550964472,0.5915823011109524,True
data/ral_20260731,deploy_gmd_03_high_bpm138_RAL-B_seed2_trial02_1785469909.csv,0.06268583731034062,0.679606885292779,True
data/ral_20260731,deploy_test_double_bpm160_RAL-D_seed5_trial02_1785467412.csv,-0.7956232805986289,0.8744354346679393,True
data/ral_20260731,deploy_test_double_bpm160_RAL-E_seed4_trial01_1785468285.csv,-0.5171701467790983,0.6812450330995993,True
data/ral_20260731,deploy_test_double_bpm160_RAL-D_seed5_trial01_1785473014.csv,-0.763250761401314,0.9212178709012275,True
data/ral_20260731,deploy_test_single4_bpm60_RAL-E_seed1_trial01_1785464876.csv,-0.22271451374262521,0.6832042413963552,True
data/ral_20260731,deploy_gmd_04_extreme_bpm170_RAL-D_seed1_trial02_1785468507.csv,-0.30319450820161753,0.5582428238117095,True
data/ral_20260731,deploy_gmd_03_high_bpm138_RAL-B_seed3_trial03_1785468596.csv,-0.6980855332866452,0.6704362086905103,True
data/ral_20260731,deploy_test_single8_bpm120_RAL-B_seed1_trial01_1785466765.csv,-0.22388568080625507,0.7415938759010935,True
data/ral_20260731,deploy_gmd_04_extreme_bpm170_RAL-B_seed3_trial02_1785473430.csv,-0.5228989346961561,0.5790643718796887,True
data/ral_20260731,deploy_gmd_04_extreme_bpm170_RAL-E_seed3_trial02_1785467080.csv,-0.4465290501918548,0.6015809183603756,True
data/ral_20260731,deploy_test_single4_bpm60_RAL-E_seed1_trial01_1785464485.csv,-0.2677036880012314,0.6411092456318973,True
data/ral_20260731,deploy_gmd_04_extreme_bpm170_RAL-D_seed4_trial02_1785473472.csv,-0.4870179473380876,0.6050148072761097,True
data/ral_20260731,deploy_test_double_bpm160_RAL-B_seed4_trial03_1785466963.csv,0.008926928275153114,0.6540787332417841,True
data/ral_20260731,deploy_test_single4_bpm60_RAL-D_seed1_trial03_1785467510.csv,0.10553176708338466,0.5525336939416913,True
data/ral_20260731,deploy_gmd_04_extreme_bpm170_RAL-E_seed5_trial02_1785473189.csv,-0.23845304246753155,0.774943628282248,True
data/ral_20260731,deploy_test_double_bpm160_RAL-E_seed2_trial03_1785468615.csv,-0.5702981394905299,0.6834549656621108,True
data/ral_20260731,deploy_test_single4_bpm60_RAL-E_seed1_trial01_1785467618.csv,-0.5312894466085764,0.5622736957249361,True
data/ral_20260731,deploy_gmd_03_high_bpm138_RAL-D_seed5_trial01_1785473370.csv,-0.41588120361067893,0.5592159245293028,True
data/ral_20260731,deploy_gmd_04_extreme_bpm170_RAL-D_seed2_trial02_1785472886.csv,-0.41323750117755453,0.4815863469130363,True
data/ral_20260731,deploy_gmd_03_high_bpm138_RAL-B_seed4_trial01_1785470197.csv,-0.10614278175572145,0.6432203275272633,True
data/ral_20260731,deploy_test_double_bpm160_RAL-B_seed3_trial01_1785473392.csv,-0.5049085976728616,0.7130273647076687,True
data/ral_20260731,deploy_gmd_03_high_bpm138_RAL-E_seed4_trial03_1785473847.csv,-0.33154484270376267,0.662818649077536,True
data/ral_20260731,deploy_gmd_04_extreme_bpm170_RAL-E_seed4_trial01_1785467743.csv,-0.5142373571386124,0.6476842898845742,True
data/ral_20260731,deploy_gmd_04_extreme_bpm170_RAL-B_seed5_trial03_1785467931.csv,-0.2666405756848799,0.621147920593333,True
data/ral_20260731,deploy_test_single4_bpm60_RAL-B_seed1_trial03_1785470554.csv,-0.6543877376539939,0.8742346157347592,True
data/ral_20260731,deploy_test_double_bpm160_RAL-B_seed4_trial01_1785465994.csv,-0.005597789534633897,0.6293849305255818,True
data/ral_20260731,deploy_gmd_04_extreme_bpm170_RAL-D_seed1_trial03_1785467835.csv,-0.3053234454684653,0.5784821605850204,True
data/ral_20260731,deploy_test_double_bpm160_RAL-E_seed5_trial03_1785471078.csv,-0.6066120985406783,0.6980608608734673,True
data/ral_20260731,deploy_test_double_bpm160_RAL-D_seed1_trial02_1785467181.csv,-0.12874251765384775,0.5638274640622527,True
data/ral_20260731,deploy_gmd_03_high_bpm138_RAL-D_seed4_trial03_1785473904.csv,-0.44199374522351526,0.6198186906599523,True
data/ral_20260731,deploy_gmd_04_extreme_bpm170_RAL-B_seed3_trial01_1785473584.csv,-0.5189480307549872,0.6126881789272733,True
data/ral_20260731,deploy_gmd_03_high_bpm138_RAL-B_seed5_trial01_1785468431.csv,-0.3574695809205698,0.6296045954476344,True
data/ral_20260731,deploy_test_single4_bpm60_RAL-E_seed1_trial01_1785464384.csv,0.15738876408072083,0.15024267724691823,False
data/ral_20260731,deploy_test_double_bpm160_RAL-D_seed3_trial02_1785473537.csv,-0.6695879703715645,0.7227923802640488,True
data/ral_20260731,deploy_gmd_03_high_bpm138_RAL-B_seed5_trial02_1785473089.csv,-0.31935941747048,0.6196138105830704,True
data/ral_20260731,deploy_gmd_03_high_bpm138_RAL-D_seed4_trial02_1785469586.csv,-0.47449347263225805,0.6550379964045642,True
data/ral_20260731,deploy_test_single8_bpm120_RAL-E_seed1_trial01_1785470013.csv,-0.3406558187732838,0.4950459545119886,True
data/ral_20260731,deploy_gmd_04_extreme_bpm170_RAL-E_seed5_trial03_1785469696.csv,-0.4928753225330785,0.6665020025473637,True
data/ral_20260731,deploy_gmd_04_extreme_bpm170_RAL-B_seed2_trial02_1785468321.csv,-0.0018965168544688507,0.668300164745631,True
data/ral_20260731,deploy_gmd_04_extreme_bpm170_RAL-E_seed2_trial02_1785466155.csv,-0.027882797655646815,0.6444096813524848,True
data/ral_20260731,deploy_gmd_04_extreme_bpm170_RAL-D_seed5_trial02_1785469642.csv,-0.43849300063103924,0.6988704951953949,True
data/ral_20260731,deploy_gmd_03_high_bpm138_RAL-B_seed3_trial01_1785466280.csv,-0.6841683750444867,0.6039766494107147,True
data/ral_20260731,deploy_gmd_04_extreme_bpm170_RAL-B_seed1_trial03_1785470613.csv,-0.25278835731366417,0.6868187228328062,True
data/ral_20260731,deploy_test_double_bpm160_RAL-E_seed3_trial02_1785470632.csv,-0.4409029303967561,0.6082891097031023,True
data/ral_20260731,deploy_gmd_04_extreme_bpm170_RAL-D_seed3_trial03_1785466095.csv,-0.32952954217069647,0.5600591984361712,True
data/ral_20260731,deploy_gmd_04_extreme_bpm170_RAL-E_seed1_trial02_1785468543.csv,-0.6368729587408334,0.5662415459224165,True
data/ral_20260731,deploy_gmd_04_extreme_bpm170_RAL-B_seed5_trial01_1785470798.csv,-0.2826062598249676,0.6019057442547867,True
data/ral_20260731,deploy_test_single8_bpm120_RAL-E_seed1_trial03_1785467478.csv,-0.5091859238006892,0.6258487870561604,True
data/ral_20260731,deploy_gmd_04_extreme_bpm170_RAL-B_seed3_trial03_1785472960.csv,-0.5246218579567958,0.5725912762438279,True
data/ral_20260731,deploy_test_double_bpm160_RAL-E_seed5_trial01_1785469989.csv,-0.5262981331954445,0.7364930621775266,True
data/ral_20260731,deploy_gmd_03_high_bpm138_RAL-D_seed2_trial01_1785470077.csv,-0.3307561709778929,0.5057246214452527,True
data/ral_20260731,deploy_gmd_03_high_bpm138_RAL-B_seed1_trial03_1785468210.csv,-0.30432638180445465,0.6529451881678356,True
data/ral_20260731,deploy_test_single4_bpm60_RAL-D_seed1_trial02_1785466059.csv,-0.09574427282817857,0.6950847539574277,True
data/ral_20260731,deploy_gmd_03_high_bpm138_RAL-E_seed1_trial02_1785468057.csv,-0.5061138651104151,0.7525526861125402,True
data/ral_20260731,deploy_test_double_bpm160_RAL-D_seed4_trial03_1785468471.csv,-0.3512842808808229,0.593110939622245,True
data/ral_20260731,deploy_gmd_04_extreme_bpm170_RAL-D_seed5_trial03_1785467218.csv,-0.4315685845686379,0.637033126764296,True
data/ral_20260731,deploy_test_double_bpm160_RAL-D_seed4_trial02_1785467568.csv,-0.41965067648673515,0.610782895424223,True
data/ral_20260731,deploy_gmd_04_extreme_bpm170_RAL-B_seed1_trial01_1785467115.csv,-0.28566925149964545,0.6690574654634692,True
data/ral_20260731,deploy_gmd_03_high_bpm138_RAL-E_seed4_trial02_1785472478.csv,-0.3731880607576796,0.6142399051237578,True
data/ral_20260731,deploy_gmd_03_high_bpm138_RAL-E_seed3_trial01_1785473130.csv,-0.4145932296193239,0.5845306834891434,True
data/ral_20260731,deploy_gmd_03_high_bpm138_RAL-D_seed5_trial03_1785469507.csv,-0.4210529139431944,0.6445489813213819,True
data/ral_20260731,deploy_test_double_bpm160_RAL-E_seed3_trial03_1785472620.csv,-0.3424493596278623,0.680637951154238,True
data/ral_20260731,deploy_gmd_04_extreme_bpm170_RAL-B_seed4_trial02_1785467879.csv,-0.1411125624155343,0.6624810335450035,True
data/ral_20260731,deploy_gmd_03_high_bpm138_RAL-E_seed2_trial02_1785473950.csv,-0.14959681800274746,0.6501628596997125,True
data/ral_20260731,deploy_gmd_03_high_bpm138_RAL-B_seed1_trial01_1785467354.csv,-0.299174396598735,0.6509514615426403,True
data/ral_20260731,deploy_test_double_bpm160_RAL-B_seed2_trial03_1785472369.csv,0.4411594071533545,0.8355116089083299,True
data/ral_20260731,deploy_test_double_bpm160_RAL-B_seed4_trial02_1785470227.csv,-0.013272126960642634,0.6532374734729849,True
data/ral_20260731,deploy_gmd_04_extreme_bpm170_RAL-D_seed1_trial01_1785471115.csv,-0.3224579896751497,0.5302995604483521,True
data/ral_20260731,deploy_gmd_03_high_bpm138_RAL-E_seed4_trial01_1785473229.csv,-0.34061045869362266,0.6136728921163341,True
data/ral_20260731,deploy_test_single4_bpm60_RAL-E_seed1_trial02_1785466915.csv,-0.44370364066416107,0.5581324116561668,True
data/ral_20260731,deploy_gmd_03_high_bpm138_RAL-E_seed2_trial03_1785467156.csv,-0.19253981557079988,0.6175843953308906,True
data/ral_20260731,deploy_gmd_04_extreme_bpm170_RAL-B_seed1_trial02_1785472538.csv,-0.24677632199848343,0.6659147440831682,True
data/ral_20260731,deploy_test_double_bpm160_RAL-E_seed2_trial02_1785471025.csv,0.034726443849200525,0.7268655139176581,True
data/ral_20260731,deploy_gmd_04_extreme_bpm170_RAL-D_seed5_trial01_1785466031.csv,-0.4314856107495272,0.6689950137475371,True
data/ral_20260731,deploy_gmd_03_high_bpm138_RAL-D_seed1_trial01_1785468100.csv,-0.26569861764836383,0.5410943051543844,True
data/ral_20260731,deploy_test_double_bpm160_RAL-E_seed3_trial01_1785466994.csv,-0.32490070805934745,0.699012319198816,True
data/ral_20260731,deploy_test_double_bpm160_RAL-B_seed1_trial01_1785470904.csv,-0.5530173964817847,0.7197082646053293,True
data/ral_20260731,deploy_gmd_04_extreme_bpm170_RAL-D_seed2_trial03_1785469951.csv,-0.4025019831171967,0.45661428534230764,True
data/ral_20260731,deploy_test_double_bpm160_RAL-D_seed2_trial03_1785472806.csv,-0.28856017858707694,0.6112854092684973,True
data/ral_20260731,deploy_test_double_bpm160_RAL-B_seed1_trial03_1785468451.csv,-0.6148654965439992,0.7467547537303405,True
data/ral_20260731,deploy_gmd_03_high_bpm138_RAL-E_seed5_trial03_1785468705.csv,-0.6175620626205102,0.6226467704093189,True
data/ral_20260731,deploy_gmd_04_extreme_bpm170_RAL-B_seed5_trial02_1785468135.csv,-0.2811088021242708,0.562443682285162,True
data/ral_20260731,deploy_test_double_bpm160_RAL-D_seed4_trial01_1785473626.csv,-0.27156600413879,0.7359445758925786,True
data/ral_20260731,deploy_gmd_03_high_bpm138_RAL-B_seed4_trial03_1785466887.csv,-0.11245709527895598,0.6512030896358143,True
data/ral_20260731,deploy_test_double_bpm160_RAL-D_seed2_trial01_1785467957.csv,-0.26732937129958134,0.6066229451860342,True
data/ral_20260731,deploy_gmd_03_high_bpm138_RAL-D_seed2_trial03_1785466805.csv,-0.13953395720570644,0.6616596396346147,True
data/ral_20260731,deploy_gmd_04_extreme_bpm170_RAL-D_seed3_trial01_1785470113.csv,-0.33921245608500106,0.5601751665320616,True
data/ral_20260731,deploy_gmd_04_extreme_bpm170_RAL-E_seed1_trial03_1785474180.csv,-0.6738426121141147,0.5939160577467757,True
data/ral_20260731,deploy_test_single4_bpm60_RAL-B_seed1_trial01_1785469802.csv,-0.6498547658326147,0.8690128140292167,True
data/ral_20260731,deploy_test_single4_bpm60_RAL-B_seed1_trial01_1785464820.csv,-0.5282702612340159,0.9078788489522449,True
data/ral_20260731,deploy_gmd_03_high_bpm138_RAL-E_seed5_trial02_1785474044.csv,-0.5448414927506595,0.6258818338412699,True
data/ral_20260731,deploy_test_double_bpm160_RAL-B_seed2_trial02_1785474109.csv,0.402827629235961,0.8342187919076935,True
data/ral_20260731,deploy_gmd_04_extreme_bpm170_RAL-E_seed2_trial01_1785471060.csv,-0.17994027162567441,0.6114510762486781,True
data/ral_20260731,deploy_test_double_bpm160_RAL-B_seed1_trial02_1785472404.csv,-0.574287042968619,0.7295784981899246,True
data/ral_20260731,deploy_gmd_04_extreme_bpm170_RAL-B_seed4_trial03_1785473668.csv,-0.11926774577536739,0.6804154722546187,True
data/ral_20260731,deploy_test_single4_bpm60_RAL-D_seed1_trial01_1785464846.csv,-0.2730777899865635,0.7398100682641424,True
data/ral_20260731,deploy_gmd_03_high_bpm138_RAL-B_seed2_trial01_1785466235.csv,0.09204253805291648,0.6697251469465166,True
data/ral_20260731,deploy_gmd_03_high_bpm138_RAL-D_seed3_trial03_1785466398.csv,-0.2263326254572212,0.48254523180955,True
data/ral_20260731,deploy_test_double_bpm160_RAL-E_seed4_trial02_1785466116.csv,-0.4167012187078982,0.683044760753402,True
data/ral_20260731,deploy_gmd_04_extreme_bpm170_RAL-B_seed4_trial01_1785472573.csv,-0.11012405167407588,0.6789364468017416,True
data/ral_20260731,deploy_gmd_03_high_bpm138_RAL-D_seed1_trial03_1785466195.csv,-0.3418483615492347,0.6030725972695881,True
data/ral_20260731,deploy_gmd_03_high_bpm138_RAL-B_seed5_trial03_1785470677.csv,-0.3463807107176228,0.6075563262849336,True
data/ral_20260731,deploy_gmd_03_high_bpm138_RAL-D_seed3_trial01_1785474090.csv,-0.1871460289849618,0.4716081476967089,True
data/ral_20260731,deploy_gmd_04_extreme_bpm170_RAL-E_seed3_trial01_1785466356.csv,-0.45517879838442077,0.5885165014134383,True
data/ral_20260731,deploy_test_single8_bpm120_RAL-E_seed1_trial02_1785472327.csv,-0.2908062059543129,0.5759473400803335,True
data/ral_20260731,deploy_test_double_bpm160_RAL-D_seed2_trial02_1785473782.csv,-0.28942899181706294,0.5967162722427484,True
data/ral_20260731,deploy_gmd_03_high_bpm138_RAL-D_seed5_trial02_1785471001.csv,-0.3988010777958671,0.5834571477333886,True
data/ral_20260731,deploy_test_single8_bpm120_RAL-D_seed1_trial02_1785467640.csv,-0.14344797770420983,0.5269996198676686,True
data/ral_20260731,deploy_gmd_03_high_bpm138_RAL-E_seed3_trial03_1785469844.csv,-0.4784874430141242,0.551841960810342,True
data/ral_20260731,deploy_gmd_03_high_bpm138_RAL-D_seed3_trial02_1785467277.csv,-0.2253395367316419,0.45554148424665014,True
data/ral_20260731,deploy_gmd_04_extreme_bpm170_RAL-E_seed5_trial01_1785470147.csv,-0.512019027734191,0.6568027624470779,True
data/ral_20260731,deploy_test_double_bpm160_RAL-E_seed4_trial03_1785469525.csv,-0.4117385066243821,0.7054804642764949,True
data/ral_20260731,deploy_gmd_03_high_bpm138_RAL-E_seed3_trial02_1785466438.csv,-0.42507453697268677,0.5695720038129735,True
data/ral_20260731,deploy_gmd_03_high_bpm138_RAL-D_seed4_trial01_1785468371.csv,-0.4825184118929247,0.5535344196638483,True
data/ral_20260731,deploy_gmd_04_extreme_bpm170_RAL-B_seed2_trial03_1785467703.csv,0.00133296910949289,0.6670010555166219,True
data/ral_20260731,deploy_test_double_bpm160_RAL-D_seed1_trial03_1785466842.csv,-0.17354635180322933,0.6114016284104717,True
data/ral_20260731,deploy_test_single4_bpm60_RAL-E_seed1_trial03_1785472601.csv,-0.4329234254202389,0.5919028212248959,True
data/ral_20260731,deploy_gmd_04_extreme_bpm170_RAL-D_seed4_trial01_1785473048.csv,-0.473833056633036,0.5655574800578667,True
data/ral_20260731,deploy_gmd_03_high_bpm138_RAL-E_seed5_trial01_1785473740.csv,-0.5662460036708359,0.6272352355957829,True
data/ral_20260731,deploy_test_double_bpm160_RAL-E_seed1_trial03_1785472346.csv,-0.6455346495565077,0.6426924116661931,True
data/ral_20260731,deploy_test_double_bpm160_RAL-B_seed3_trial03_1785467394.csv,-0.5433872625278344,0.7208968822476421,True
data/ral_20260731,deploy_gmd_04_extreme_bpm170_RAL-D_seed2_trial01_1785467994.csv,-0.35851928969449587,0.5332117177708584,True
data/ral_20260731,deploy_gmd_03_high_bpm138_RAL-D_seed2_trial02_1785467550.csv,-0.3596566958634009,0.47615330721322735,True
data/ral_20260731,deploy_test_double_bpm160_RAL-D_seed5_trial03_1785467588.csv,-0.7910408805741922,0.8845076518330833,True
data/ral_20260731,deploy_test_double_bpm160_RAL-E_seed1_trial01_1785473150.csv,-0.6776765592304297,0.5815920997339838,True
data/ral_20260731,deploy_gmd_03_high_bpm138_RAL-E_seed1_trial01_1785470719.csv,-0.6173769804047781,0.5432412181599156,True
data/ral_20260731,deploy_test_double_bpm160_RAL-B_seed5_trial01_1785469544.csv,-0.4194202211109076,0.6855810952351304,True
data/ral_20260731,deploy_gmd_03_high_bpm138_RAL-B_seed2_trial03_1785466320.csv,0.08512952339496199,0.6600283597694964,True
data/ral_20260731,deploy_test_double_bpm160_RAL-B_seed3_trial02_1785467374.csv,-0.5169163116647645,0.7131862831786756,True
data/ral_20260731,deploy_gmd_03_high_bpm138_RAL-B_seed3_trial02_1785467454.csv,-0.6935268652000592,0.6499994099433972,True
data/ral_20260731,deploy_gmd_04_extreme_bpm170_RAL-D_seed4_trial03_1785470954.csv,-0.4808983706293635,0.6064975472015505,True
data/ral_20260731,deploy_gmd_03_high_bpm138_RAL-E_seed2_trial01_1785467037.csv,-0.09176510644152899,0.6602539118236753,True
data/ral_20260731,deploy_test_double_bpm160_RAL-D_seed1_trial01_1785467661.csv,-0.0935752324947845,0.6192600316237361,True
data/ral_20260731,deploy_test_single8_bpm120_RAL-D_seed1_trial03_1785472501.csv,-0.07614386108186195,0.6289284012254206,True
data/ral_20260731,deploy_test_double_bpm160_RAL-E_seed2_trial01_1785469659.csv,0.043074623999986024,0.7424304898262437,True
data/ral_20260731,deploy_gmd_04_extreme_bpm170_RAL-E_seed4_trial03_1785470879.csv,-0.41931026213880956,0.6518401961525135,True
data/ral_20260731,deploy_gmd_04_extreme_bpm170_RAL-E_seed1_trial01_1785466742.csv,-0.6555082726322715,0.5645747899556021,True
data/ral_20260731,deploy_gmd_03_high_bpm138_RAL-B_seed4_trial02_1785470760.csv,-0.07174730802712144,0.6769162931242655,True
data/ral_20260731,deploy_test_double_bpm160_RAL-D_seed3_trial01_1785470820.csv,-0.6876138389752181,0.7308235253460535,True
data/ral_20260731,deploy_gmd_04_extreme_bpm170_RAL-E_seed2_trial03_1785474145.csv,-0.11034118188471477,0.6391964813144361,True
data/ral_20260731,deploy_gmd_03_high_bpm138_RAL-D_seed1_trial02_1785469004.csv,-0.2864048617754367,0.5312434999752232,True
data/ral_20260731,deploy_test_single4_bpm60_RAL-D_seed1_trial01_1785467780.csv,-0.014666827679835603,0.5962635079362176,True
data/ral_20260731,deploy_gmd_04_extreme_bpm170_RAL-B_seed2_trial01_1785469768.csv,0.0041274556808199156,0.6736517755168266,True
data/ral_quarantine,deploy_test_double_bpm60_IROS-B_trial01_1785378547.csv,0.08455879012518222,0.49105303966416725,True
data/ral_quarantine,deploy_test_single4_bpm60_IROS-B_trial01_1785378800.csv,0.26334423722252925,0.8755852749317967,True
data/ral_quarantine,deploy_test_single4_bpm60_IROS-B_trial01_1785378547.csv,0.4466418696830942,0.5233529026224318,True
data/ral_quarantine,deploy_test_single4_bpm60_IROS-B_trial01_1785464794.csv,0.25159922741773105,0.8343288431185775,True
data/ral_20260731_b,deploy_gmd_04_extreme_bpm170_RAL-A_seed2_trial03_1785479307.csv,0.17239918045677938,0.5714623079067144,True
data/ral_20260731_b,deploy_gmd_03_high_bpm138_RAL-A_seed3_trial01_1785477594.csv,-0.2772142887863249,0.5903584821209511,True
data/ral_20260731_b,deploy_test_double_bpm160_RAL-B_seed3_trial01_1785482281.csv,-0.49335800669731167,0.6621243050931398,True
data/ral_20260731_b,deploy_gmd_04_extreme_bpm170_RAL-C_seed4_trial02_1785481893.csv,-0.2885901251452358,0.8198479393871758,True
data/ral_20260731_b,deploy_test_double_bpm160_RAL-B_seed2_trial02_1785483292.csv,0.28037384127696324,0.8966833458595252,True
data/ral_20260731_b,deploy_gmd_03_high_bpm138_RAL-C_seed5_trial01_1785476127.csv,-0.45051839645864095,0.6496447492152395,True
data/ral_20260731_b,deploy_gmd_04_extreme_bpm170_RAL-C_seed2_trial01_1785476811.csv,-0.331515034271982,0.4644182985745575,True
data/ral_20260731_b,deploy_gmd_03_high_bpm138_RAL-A_seed3_trial03_1785481834.csv,-0.21496186834318382,0.6512197865454221,True
data/ral_20260731_b,deploy_test_double_bpm160_RAL-B_seed3_trial02_1785481655.csv,-0.5631031817129495,0.7804887894693533,True
data/ral_20260731_b,deploy_gmd_03_high_bpm138_RAL-B_seed4_trial03_1785483274.csv,-0.11523405561007294,0.7347398282674393,True
data/ral_20260731_b,deploy_gmd_03_high_bpm138_RAL-B_seed1_trial01_1785482591.csv,-0.3442016195112,0.6938735135648906,True
data/ral_20260731_b,deploy_gmd_03_high_bpm138_RAL-A_seed5_trial02_1785482823.csv,0.027841770182330302,0.6993143778886943,True
data/ral_20260731_b,deploy_gmd_04_extreme_bpm170_RAL-A_seed2_trial02_1785483946.csv,0.09687934201366535,0.6750116989076633,True
data/ral_20260731_b,deploy_test_double_bpm160_RAL-B_seed1_trial03_1785481140.csv,-0.6293107430641242,0.7513934358683486,True
data/ral_20260731_b,deploy_gmd_04_extreme_bpm170_RAL-C_seed1_trial01_1785479258.csv,-0.43838177323793054,0.6599530277575908,True
data/ral_20260731_b,deploy_gmd_03_high_bpm138_RAL-A_seed5_trial03_1785479943.csv,0.3804529791645924,0.7744409470029808,True
data/ral_20260731_b,deploy_gmd_04_extreme_bpm170_RAL-A_seed1_trial01_1785480351.csv,0.27888827721044285,0.758263819361222,True
data/ral_20260731_b,deploy_test_double_bpm160_RAL-B_seed3_trial03_1785483906.csv,-0.543850174764363,0.7930462237320957,True
data/ral_20260731_b,deploy_gmd_04_extreme_bpm170_RAL-B_seed5_trial03_1785483143.csv,-0.37203485938948516,0.6659265794813098,True
data/ral_20260731_b,deploy_test_double_bpm160_RAL-A_seed4_trial02_1785482363.csv,0.4570585512662316,0.5793485659205063,True
data/ral_20260731_b,deploy_gmd_03_high_bpm138_RAL-B_seed4_trial02_1785477782.csv,-0.13183300581921809,0.7123637846609028,True
data/ral_20260731_b,deploy_gmd_03_high_bpm138_RAL-A_seed2_trial01_1785483606.csv,0.09257989491836861,0.6677627267608593,True
data/ral_20260731_b,deploy_test_double_bpm160_RAL-A_seed2_trial02_1785480316.csv,0.16825831434262667,0.6689893367544946,True
data/ral_20260731_b,deploy_test_double_bpm160_RAL-A_seed3_trial01_1785477997.csv,-0.4931600009097781,0.6189025349703072,True
data/ral_20260731_b,deploy_gmd_03_high_bpm138_RAL-B_seed2_trial02_1785482092.csv,0.009634450937587611,0.7018287494211267,True
data/ral_20260731_b,deploy_gmd_04_extreme_bpm170_RAL-B_seed3_trial01_1785482646.csv,-0.5877010313561248,0.6538083519650646,True
data/ral_20260731_b,deploy_gmd_04_extreme_bpm170_RAL-B_seed2_trial01_1785479896.csv,-0.06097597472735649,0.6645984738570794,True
data/ral_20260731_b,deploy_gmd_04_extreme_bpm170_RAL-C_seed1_trial02_1785483712.csv,-0.16743190123864643,0.7694473142864652,True
data/ral_20260731_b,deploy_gmd_03_high_bpm138_RAL-B_seed5_trial03_1785480767.csv,-0.46369193039331325,0.6224950965617657,True
data/ral_20260731_b,deploy_gmd_04_extreme_bpm170_RAL-A_seed1_trial02_1785478884.csv,0.19471746974344575,0.714694489001039,True
data/ral_20260731_b,deploy_test_double_bpm160_RAL-C_seed2_trial03_1785477801.csv,-0.4663765510723676,0.6933771388168,True
data/ral_20260731_b,deploy_test_double_bpm160_RAL-C_seed2_trial01_1785480084.csv,-0.46339243429425403,0.6899924441076783,True
data/ral_20260731_b,deploy_test_double_bpm160_RAL-B_seed1_trial02_1785479860.csv,-0.44901851034437407,0.8233671635996749,True
data/ral_20260731_b,deploy_gmd_04_extreme_bpm170_RAL-B_seed1_trial03_1785481990.csv,-0.34150192177229277,0.7360048011447249,True
data/ral_20260731_b,deploy_gmd_04_extreme_bpm170_RAL-C_seed1_trial03_1785483201.csv,-0.48277441078521666,0.7325080503949835,True
data/ral_20260731_b,deploy_gmd_04_extreme_bpm170_RAL-C_seed3_trial03_1785482151.csv,-0.5814279824126491,0.7541761235594909,True
data/ral_20260731_b,deploy_gmd_03_high_bpm138_RAL-C_seed3_trial01_1785476875.csv,-0.3596774733501435,0.5825150869847285,True
data/ral_20260731_b,deploy_gmd_04_extreme_bpm170_RAL-B_seed1_trial02_1785480178.csv,-0.34235113119630683,0.7125491127948825,True
data/ral_20260731_b,deploy_test_double_bpm160_RAL-B_seed5_trial03_1785482669.csv,-0.4640264868257957,0.7239944484434802,True
data/ral_20260731_b,deploy_gmd_04_extreme_bpm170_RAL-C_seed4_trial03_1785480966.csv,-0.2900686025882633,0.7458054477642936,True
data/ral_20260731_b,deploy_test_double_bpm160_RAL-A_seed5_trial01_1785481471.csv,-0.1973208944076826,0.7186607107134669,True
data/ral_20260731_b,deploy_gmd_04_extreme_bpm170_RAL-B_seed3_trial02_1785482246.csv,-0.5279511805257058,0.5581483585816445,True
data/ral_20260731_b,deploy_test_double_bpm160_RAL-C_seed1_trial01_1785478016.csv,-0.5743602194996738,0.8670739186020593,True
data/ral_20260731_b,deploy_gmd_04_extreme_bpm170_RAL-A_seed3_trial01_1785481538.csv,-0.40275709492475015,0.6351923760437108,True
data/ral_20260731_b,deploy_test_double_bpm160_RAL-B_seed4_trial02_1785481575.csv,-0.04487156357722272,0.7128867660194607,True
data/ral_20260731_b,deploy_gmd_04_extreme_bpm170_RAL-C_seed5_trial02_1785478803.csv,-0.4961714554694003,0.7980044127531265,True
data/ral_20260731_b,deploy_gmd_04_extreme_bpm170_RAL-B_seed5_trial01_1785482549.csv,-0.3783682930417825,0.6130207090828479,True
data/ral_20260731_b,deploy_test_double_bpm160_RAL-A_seed2_trial03_1785480888.csv,0.26226019916927606,0.6262358960022828,True
data/ral_20260731_b,deploy_gmd_03_high_bpm138_RAL-A_seed1_trial02_1785481302.csv,0.18145668789087813,0.6894260951735682,True
data/ral_20260731_b,deploy_test_double_bpm160_RAL-A_seed5_trial03_1785481500.csv,-0.14202511618902278,0.7119933142340236,True
data/ral_20260731_b,deploy_test_double_bpm160_RAL-C_seed1_trial02_1785482116.csv,-0.46868995997914503,0.8182601968021744,True
data/ral_20260731_b,deploy_gmd_03_high_bpm138_RAL-B_seed1_trial02_1785483332.csv,-0.3592341512611162,0.7283160973156376,True
data/ral_20260731_b,deploy_gmd_03_high_bpm138_RAL-C_seed4_trial01_1785483766.csv,-0.3853715444485495,0.7864163952776849,True
data/ral_20260731_b,deploy_gmd_03_high_bpm138_RAL-A_seed4_trial02_1785480143.csv,0.5835171636204104,0.5862302682559558,True
data/ral_20260731_b,deploy_gmd_04_extreme_bpm170_RAL-A_seed5_trial03_1785482193.csv,-0.1684116833640904,0.6050555317365228,True
data/ral_20260731_b,deploy_gmd_03_high_bpm138_RAL-C_seed3_trial03_1785481436.csv,-0.6232418906328577,0.7925410210772889,True
data/ral_20260731_b,deploy_gmd_03_high_bpm138_RAL-B_seed5_trial01_1785480499.csv,-0.4449421239160909,0.6221437238657326,True
data/ral_20260731_b,deploy_gmd_03_high_bpm138_RAL-B_seed4_trial01_1785482947.csv,0.3499742000281871,0.7811436092944158,True
data/ral_20260731_b,deploy_gmd_03_high_bpm138_RAL-B_seed3_trial02_1785482412.csv,-0.7078182173472252,0.5659194353739648,True
data/ral_20260731_b,deploy_test_double_bpm160_RAL-A_seed1_trial03_1785482738.csv,0.2763163402996386,0.7732512445019335,True
data/ral_20260731_b,deploy_test_double_bpm160_RAL-A_seed4_trial01_1785482513.csv,0.43906498073031924,0.569450770235041,True
data/ral_20260731_b,deploy_gmd_04_extreme_bpm170_RAL-C_seed5_trial01_1785476712.csv,-0.3380558523446341,0.5254228007627465,True
data/ral_20260731_b,deploy_gmd_03_high_bpm138_RAL-B_seed3_trial03_1785477551.csv,-0.49907344432911405,0.7990862592959099,True
data/ral_20260731_b,deploy_test_double_bpm160_RAL-C_seed5_trial01_1785483833.csv,-0.36712155798629875,0.7951005380789102,True
data/ral_20260731_b,deploy_gmd_03_high_bpm138_RAL-B_seed2_trial03_1785480220.csv,0.009811363561276027,0.7348453051248999,True
data/ral_20260731_b,deploy_test_double_bpm160_RAL-B_seed4_trial01_1785477375.csv,0.12643584261660337,0.6522741618144299,True
data/ral_20260731_b,deploy_gmd_03_high_bpm138_RAL-A_seed3_trial02_1785477979.csv,-0.2770077860606471,0.6574809835087118,True
data/ral_20260731_b,deploy_gmd_03_high_bpm138_RAL-C_seed1_trial03_1785481622.csv,-0.5555703940986452,0.7193188127103508,True
data/ral_20260731_b,deploy_gmd_04_extreme_bpm170_RAL-C_seed4_trial01_1785477679.csv,-0.25528112879300746,0.7954940929312655,True
data/ral_20260731_b,deploy_gmd_03_high_bpm138_RAL-C_seed3_trial02_1785480442.csv,-0.6236715282838247,0.8111477969753524,True
data/ral_20260731_b,deploy_gmd_03_high_bpm138_RAL-A_seed4_trial03_1785480400.csv,0.35699147142951015,0.6135038776959149,True
data/ral_20260731_b,deploy_gmd_04_extreme_bpm170_RAL-A_seed1_trial03_1785477876.csv,0.27763246436007943,0.7409212879856668,True
data/ral_20260731_b,deploy_gmd_03_high_bpm138_RAL-C_seed2_trial02_1785482032.csv,-0.4411917647554064,0.6839429392351962,True
data/ral_20260731_b,deploy_gmd_04_extreme_bpm170_RAL-A_seed3_trial02_1785481057.csv,-0.3871810980609979,0.5446344331672711,True
data/ral_20260731_b,deploy_gmd_04_extreme_bpm170_RAL-A_seed4_trial03_1785480832.csv,0.4340511597577526,0.6437080786155617,True
data/ral_20260731_b,deploy_test_double_bpm160_RAL-C_seed4_trial02_1785480582.csv,-0.2254125702415018,0.8973952153490484,True
data/ral_20260731_b,deploy_gmd_04_extreme_bpm170_RAL-C_seed3_trial02_1785483800.csv,-0.6169459684536546,0.8092850206667191,True
data/ral_20260731_b,deploy_gmd_04_extreme_bpm170_RAL-A_seed3_trial03_1785483643.csv,-0.3928157808832837,0.6178237839700512,True
data/ral_20260731_b,deploy_test_double_bpm160_RAL-B_seed5_trial01_1785479996.csv,-0.47984357285935125,0.7198748357349237,True
data/ral_20260731_b,deploy_gmd_03_high_bpm138_RAL-A_seed5_trial01_1785477917.csv,0.05507771750843816,0.724578942239636,True
data/ral_20260731_b,deploy_test_double_bpm160_RAL-B_seed2_trial01_1785482496.csv,0.32593856835268625,0.8894759856029708,True
data/ral_20260731_b,deploy_test_double_bpm160_RAL-C_seed4_trial03_1785480724.csv,-0.2656016891586082,0.8858115730791652,True
data/ral_20260731_b,deploy_test_double_bpm160_RAL-C_seed3_trial03_1785482476.csv,-0.5806024443459425,0.8851851431495118,True
data/ral_20260731_b,deploy_gmd_03_high_bpm138_RAL-C_seed1_trial01_1785477328.csv,-0.3028306277894782,0.4264256714171333,True
data/ral_20260731_b,deploy_gmd_03_high_bpm138_RAL-B_seed2_trial01_1785483106.csv,-0.11883865288036924,0.8199194249009623,True
data/ral_20260731_b,deploy_test_double_bpm160_RAL-C_seed1_trial03_1785483029.csv,-0.5280763529489828,0.8141660311338305,True
data/ral_20260731_b,deploy_gmd_03_high_bpm138_RAL-A_seed1_trial01_1785483447.csv,0.2594859022117592,0.7230097191005423,True
data/ral_20260731_b,deploy_gmd_04_extreme_bpm170_RAL-A_seed5_trial01_1785481716.csv,-0.10755278809830138,0.69382567017331,True
data/ral_20260731_b,deploy_test_double_bpm160_RAL-A_seed2_trial01_1785477351.csv,0.29705153335140255,0.4580634992630341,True
data/ral_20260731_b,deploy_gmd_03_high_bpm138_RAL-C_seed5_trial03_1785480040.csv,-0.49379262449180195,0.6861934947013775,True
data/ral_20260731_b,deploy_gmd_04_extreme_bpm170_RAL-B_seed3_trial03_1785481956.csv,-0.625201559741736,0.7092747000605393,True
data/ral_20260731_b,deploy_gmd_03_high_bpm138_RAL-B_seed5_trial02_1785477724.csv,-0.41811566328927374,0.6583840283643291,True
data/ral_20260731_b,deploy_gmd_03_high_bpm138_RAL-C_seed1_trial02_1785480659.csv,-0.561260035914926,0.711690195896387,True
data/ral_20260731_b,deploy_gmd_04_extreme_bpm170_RAL-B_seed2_trial03_1785483482.csv,-0.14900852614541577,0.7705429491393774,True
data/ral_20260731_b,deploy_test_double_bpm160_RAL-A_seed5_trial02_1785482053.csv,-0.15977929254466172,0.7107285438195081,True
data/ral_20260731_b,deploy_test_double_bpm160_RAL-C_seed5_trial03_1785477638.csv,-0.3174896314687638,0.7324161140026032,True
data/ral_20260731_b,deploy_gmd_04_extreme_bpm170_RAL-B_seed4_trial01_1785478843.csv,-0.1397364765770329,0.7263764630563504,True
data/ral_20260731_b,deploy_gmd_04_extreme_bpm170_RAL-B_seed4_trial03_1785479380.csv,-0.16271105692751303,0.6285023810077668,True
data/ral_20260731_b,deploy_gmd_04_extreme_bpm170_RAL-C_seed3_trial01_1785483401.csv,-0.5661347577487023,0.8375166553041331,True
data/ral_20260731_b,deploy_gmd_03_high_bpm138_RAL-A_seed4_trial01_1785483880.csv,0.4063870138359636,0.650707293544012,True
data/ral_20260731_b,deploy_test_double_bpm160_RAL-C_seed5_trial02_1785483228.csv,-0.4304636414738925,0.8043870221457426,True
data/ral_20260731_b,deploy_gmd_04_extreme_bpm170_RAL-B_seed2_trial02_1785481245.csv,-0.05569905498845845,0.6535609238847857,True
data/ral_20260731_b,deploy_test_double_bpm160_RAL-B_seed1_trial01_1785476677.csv,-0.4571658510630025,0.8559586522942332,True
data/ral_20260731_b,deploy_gmd_04_extreme_bpm170_RAL-C_seed5_trial03_1785483064.csv,-0.5170732372794131,0.7212879943196348,True
data/ral_20260731_b,deploy_gmd_03_high_bpm138_RAL-C_seed2_trial03_1785482716.csv,-0.418236259317913,0.6721665329341957,True
data/ral_20260731_b,deploy_test_double_bpm160_RAL-C_seed4_trial01_1785480850.csv,-0.20820548058952212,0.8828843869821068,True
data/ral_20260731_b,deploy_test_double_bpm160_RAL-C_seed3_trial01_1785482211.csv,-0.6445222746384043,0.8704601052744401,True
data/ral_20260731_b,deploy_gmd_03_high_bpm138_RAL-A_seed2_trial03_1785479840.csv,0.20623983045254454,0.5832336647881478,True
data/ral_20260731_b,deploy_gmd_03_high_bpm138_RAL-A_seed1_trial03_1785480551.csv,0.2857944110177877,0.7270634367794975,True
data/ral_20260731_b,deploy_gmd_04_extreme_bpm170_RAL-C_seed2_trial03_1785481201.csv,-0.38675187657607324,0.6145460010838338,True
data/ral_20260731_b,deploy_test_double_bpm160_RAL-C_seed3_trial02_1785482459.csv,-0.6485445852744797,0.8842170292815191,True
data/ral_20260731_b,deploy_gmd_04_extreme_bpm170_RAL-A_seed4_trial01_1785480297.csv,0.4830222601094974,0.6453256508898536,True
data/ral_20260731_b,deploy_test_double_bpm160_RAL-A_seed1_trial02_1785482611.csv,0.2814970691490742,0.7727484618001278,True
data/ral_20260731_b,deploy_test_double_bpm160_RAL-B_seed4_trial03_1785480932.csv,-0.07723445245918716,0.678992894667186,True
data/ral_20260731_b,deploy_test_double_bpm160_RAL-A_seed3_trial02_1785479975.csv,-0.4699886788962692,0.4983859449607678,True
data/ral_20260731_b,deploy_gmd_04_extreme_bpm170_RAL-C_seed2_trial02_1785483366.csv,-0.37645656932347943,0.7030584242042492,True
data/ral_20260731_b,deploy_test_double_bpm160_RAL-A_seed1_trial01_1785483162.csv,0.23444328289367397,0.764299862892301,True
data/ral_20260731_b,deploy_gmd_03_high_bpm138_RAL-C_seed2_trial01_1785483010.csv,-0.44004622384558745,0.6849886654202217,True
data/ral_20260731_b,deploy_gmd_04_extreme_bpm170_RAL-A_seed5_trial02_1785480696.csv,-0.13514379569581886,0.6913406541651906,True
data/ral_20260731_b,deploy_gmd_04_extreme_bpm170_RAL-B_seed1_trial01_1785481121.csv,-0.3495071220948664,0.6545349935663481,True
data/ral_20260731_b,deploy_gmd_03_high_bpm138_RAL-C_seed4_trial02_1785479701.csv,-0.2969585020386138,0.6507325102316249,True
data/ral_20260731_b,deploy_gmd_04_extreme_bpm170_RAL-B_seed5_trial02_1785479630.csv,-0.30472031180478226,0.5046628039853847,True
data/ral_20260731_b,deploy_gmd_04_extreme_bpm170_RAL-B_seed4_trial02_1785481384.csv,-0.10804735120786664,0.7352903149820189,True
data/ral_20260731_b,deploy_gmd_03_high_bpm138_RAL-C_seed4_trial03_1785482782.csv,-0.3519332749936334,0.7710595632059204,True
data/ral_20260731_b,deploy_test_double_bpm160_RAL-A_seed3_trial03_1785477618.csv,-0.4632776568642511,0.5600207148184221,True
data/ral_20260731_b,deploy_gmd_04_extreme_bpm170_RAL-A_seed2_trial01_1785481757.csv,0.10178599457733675,0.6774300104977291,True
data/ral_20260731_b,deploy_gmd_03_high_bpm138_RAL-A_seed2_trial02_1785482905.csv,0.12138456478472237,0.6637985508492438,True
data/ral_20260731_b,deploy_test_double_bpm160_RAL-C_seed2_trial02_1785483664.csv,-0.5124576613111952,0.6920530132757672,True
data/ral_20260731_b,deploy_test_double_bpm160_RAL-B_seed5_trial02_1785481776.csv,-0.4496452089328569,0.6545373816634871,True
data/ral_20260731_b,deploy_test_double_bpm160_RAL-B_seed2_trial03_1785482331.csv,0.2647511954585462,0.810596103644492,True
data/ral_20260731_b,deploy_gmd_03_high_bpm138_RAL-B_seed1_trial03_1785481343.csv,-0.34477913051739495,0.7192468613271917,True
data/ral_20260731_b,deploy_test_double_bpm160_RAL-A_seed4_trial03_1785482965.csv,0.4707219552593233,0.4937668507937372,True
data/ral_20260731_b,deploy_gmd_03_high_bpm138_RAL-C_seed5_trial02_1785476082.csv,-0.3849180971337963,0.7534726059980573,True
data/ral_20260731_b,deploy_gmd_03_high_bpm138_RAL-B_seed3_trial01_1785476212.csv,-0.6914719731538189,0.6241531426420207,True
data/ral_20260731_b,deploy_gmd_04_extreme_bpm170_RAL-A_seed4_trial02_1785483991.csv,0.5114395438641751,0.675269692798733,True
IROS/deploy_DRfolder,deploy_test_single8_bpm120_modelB_noDR_999_02-28_1771224322.csv,0.49502240323145974,-0.3781849330617207,False
IROS/deploy_DRfolder,deploy_test_double_bpm60_modelB_noDR_999_02-28_1771224381.csv,0.8147504417388404,-0.6639058653676825,False
IROS/deploy_DRfolder,deploy_test_single8_bpm160_modelB_noDR_999_02-28_1771224344.csv,0.7433820811340358,-0.3595021710835863,False
IROS/deploy_DRfolder,deploy_test_double_bpm120_modelB_noDR_999_02-28_1771224404.csv,0.5852983603011654,-0.11417668609206458,False
IROS/deploy_DRfolder,deploy_test_double_bpm160_modelB_DR_999_02-28_1771225068.csv,0.7925339116570309,-0.8672753191428079,False
IROS/deploy_DRfolder,deploy_gmd_03_high_bpm138_modelB_DR_999_02-28_1771225237.csv,0.6143138822734246,-0.7573787846871806,False
IROS/deploy_DRfolder,deploy_gmd_02_mid_bpm105_modelB_DR_999_02-28_1771225188.csv,0.8538161721534915,-0.8390024242831775,False
IROS/deploy_DRfolder,deploy_gmd_04_extreme_bpm170_modelB_DR_999_02-28_1771225280.csv,0.7959140295646349,-0.7580449032717926,False
IROS/deploy_DRfolder,deploy_test_single4_bpm60_modelB_noDR_999_02-28_1771224296.csv,0.9284621952446172,-0.4966898477623049,False
IROS/deploy_legacyA,deploy_test_single4_bpm60_modelA_1772351613.csv,0.8509994555285969,-0.2286807451092343,False
IROS/deploy_legacyA,deploy_gmd_03_high_bpm138_modelA_1772352277.csv,0.7983563678197033,-0.433033698013947,False
IROS/deploy_legacyA,deploy_test_single8_bpm160_modelA_1772351753.csv,0.6115911467384865,-0.5149119511147487,False
IROS/deploy_legacyA,deploy_test_double_bpm120_modelA_1772351927.csv,0.754981248124634,-0.4760199968155254,False
IROS/deploy_legacyA,deploy_gmd_04_extreme_bpm170_modelA_1772352339.csv,0.7511047533137496,-0.4277937419142581,False
IROS/deploy_legacyA,deploy_test_double_bpm120_modelA_1772351907.csv,0.7051065658905232,-0.4912930304951924,False
IROS/deploy_legacyA,deploy_test_double_bpm160_modelA_1772351994.csv,0.8488158764687281,-0.5216480879471473,False
IROS/deploy_legacyA,deploy_test_double_bpm60_modelA_1772351837.csv,0.785051355482307,-0.3816720735288444,False
IROS/deploy_legacyA,deploy_gmd_01_low_bpm80_modelA_1772352064.csv,0.839717674969841,-0.3357308751488493,False
IROS/deploy_legacyA,deploy_test_double_bpm120_modelA_1772351889.csv,0.684797106916349,-0.48868569927129435,False
IROS/deploy_legacyA,deploy_test_double_bpm60_modelA_1772351862.csv,0.78505483822804,-0.38375595182961436,False
IROS/deploy_legacyA,deploy_test_double_bpm160_modelA_1772351978.csv,0.8493884720640045,-0.5141151371774421,False
IROS/deploy_legacyA,deploy_test_double_bpm60_modelA_1772351806.csv,0.696590124322149,-0.41475494540008884,False
IROS/deploy_legacyA,deploy_test_single8_bpm160_modelA_1772351692.csv,0.7479189382780507,-0.5893812825592838,False
IROS/deploy_legacyA,deploy_test_single8_bpm160_modelA_1772351771.csv,0.8685126590473418,-0.6087923157886137,False
IROS/deploy_legacyA,deploy_test_single4_bpm60_modelA_1772351508.csv,0.8329851625474718,-0.25474824744871244,False
IROS/deploy_legacyA,deploy_test_single8_bpm120_modelA_1772351714.csv,0.7307036090775904,-0.3511389686932432,False
IROS/deploy_legacyA,deploy_test_single8_bpm120_modelA_1772351733.csv,0.7414587057683387,-0.3831515799081675,False
IROS/deploy_legacyA,deploy_test_single8_bpm120_modelA_1772351669.csv,0.7426904082145944,-0.3616127339904661,False
IROS/deploy_legacyA,deploy_test_double_bpm160_modelA_1772351958.csv,0.6639245512189877,-0.45822168309717515,False
IROS/deploy_legacyA,deploy_gmd_02_mid_bpm105_modelA_1772352117.csv,0.6456683984263151,-0.3901908206723377,False
IROS/deploy_legacyA,deploy_test_single4_bpm60_modelA_1772351643.csv,0.7852145057138432,-0.2419130747191452,False
IROS/deploy_legacyC,deploy_test_double_bpm60_modelC_1772413228.csv,0.6572823108124622,-0.2250339451463097,False
IROS/deploy_legacyC,deploy_gmd_04_extreme_bpm170_modelC_1772413614.csv,0.6876847572719251,-0.4669044811997731,False
IROS/deploy_legacyC,deploy_test_double_bpm160_modelC_1772413363.csv,0.7829770773706257,-0.29758944276090915,False
IROS/deploy_legacyC,deploy_test_double_bpm160_modelC_1772413348.csv,0.7336012186094538,-0.20753865806457436,False
IROS/deploy_legacyC,deploy_test_double_bpm120_modelC_1772413311.csv,0.6115393056985614,-0.11491068306787354,False
IROS/deploy_legacyC,deploy_test_double_bpm120_modelC_1772413276.csv,0.6566584068685568,-0.05880534152873562,False
IROS/deploy_legacyC,deploy_test_double_bpm160_modelC_1772413333.csv,0.6495539015344626,-0.010767907510901018,False
IROS/deploy_legacyC,deploy_test_single8_bpm120_modelC_1772412960.csv,0.6149761246791363,-0.018034644718816537,False
IROS/deploy_legacyC,deploy_test_double_bpm120_modelC_1772413293.csv,0.5768837885083044,-0.10266632426140404,False
IROS/deploy_legacyC,deploy_test_single8_bpm120_modelC_1772412920.csv,0.6149286126328086,-0.03290729899518547,False
IROS/deploy_legacyC,deploy_test_single8_bpm120_modelC_1772412938.csv,0.6056463137626449,-0.03392292690832005,False
IROS/deploy_legacyC,deploy_test_single8_bpm160_modelC_1772413000.csv,0.6028245619510938,-0.11373463230701919,False
IROS/deploy_legacyC,deploy_gmd_02_mid_bpm105_modelC_1772413486.csv,0.6524481021546875,-0.015727787836000068,False
IROS/deploy_legacyC,deploy_test_single8_bpm160_modelC_1772413016.csv,0.6272132879102496,-0.05578443986886533,False
IROS/deploy_legacyC,deploy_test_double_bpm60_modelC_1772413101.csv,0.6510218205673765,-0.24140313650490997,False
IROS/deploy_legacyC,deploy_gmd_01_low_bpm80_modelC_1772413435.csv,0.5801380472639441,0.17039953801139943,False
IROS/deploy_legacyC,deploy_test_single4_bpm60_modelC_1772412898.csv,0.5866153052272296,0.02199162959061249,False
IROS/deploy_legacyC,deploy_test_single8_bpm160_modelC_1772412985.csv,0.5000704869468686,-0.0719031697754619,False
IROS/deploy_legacyC,deploy_test_double_bpm60_modelC_1772413253.csv,0.5804137553180251,-0.2569970439549919,False
IROS/deploy_legacyC,deploy_gmd_03_high_bpm138_modelC_1772413529.csv,0.6081015776385835,-0.3889820699348815,False
IROS/deploy_legacyC,deploy_test_single4_bpm60_modelC_1772412869.csv,0.4222674676794134,0.0026909443413144353,False
IROS/deploy_legacyC,deploy_test_single4_bpm60_modelC_1772412841.csv,0.5821032001950645,-0.0023112444721652206,False
IROS/sysid_20260111,real_data_multi_train_1768879446.csv,0.06892899210765008,-0.013516860701350423,False
IROS/sysid_20260111,data_exp3_slack_pamdf_1768883236.csv,0.9996078095335993,-0.02552767455754623,False
IROS/sysid_20260111,01-11-step.csv,0.9838978731691911,-0.09064618807770211,False
IROS/sysid_20260111,data_exp4_validation_inverted.csv,0.9084296289484997,-0.818267273082658,False
IROS/sysid_20260111,data_exp4_validation_seq_.csv,0.9084296289484997,-0.818267273082658,False
IROS/sysid_20260111,real_data_multi_train_1768879322.csv,0.037913078415060926,0.0037325520036742043,False
IROS/sysid_20260111,data_exp2_hysteresis_0.5Hz_1768881710.csv,0.9932641884779599,-0.9917358118424144,False
IROS/sysid_20260111,real_data_multi_train_1768881384.csv,0.9387551927635357,0.6889344367589941,False
IROS/sysid_20260111,01-11-train.csv,0.8934305312105894,-0.03248934369466842,False
IROS/sysid_20260111,01-11-hysteresis.csv,0.9968669915920864,0.010126719904213351,False
IROS/sysid_20260111,real_data_multi_train_1768881233.csv,0.008763413915084766,0.003906536898583378,False
IROS/sysid_20260111,data_exp2_hysteresis_2.0Hz_1768881931.csv,0.8136500014724236,-0.8108522035044415,False
IROS/sysid_20260111,real_data_multi_train_1768880435.csv,0.006186723515830226,-0.08252423214278651,False
IROS/sysid_20260111,data_exp2_hysteresis_1.0Hz_1768881770.csv,0.9578834684157815,-0.9570335640200649,False
IROS/sysid_20260111,data_exp2_hysteresis_3.0Hz_1768882253.csv,0.6314000442245611,-0.6348036061699307,False
IROS/sysid_20260111,real_data_multi_train_1768879182.csv,-0.016128167184562652,0.013515711074300218,True
IROS/deploy_legacyB,deploy_gmd_03_high_bpm138_modelB_1772353115.csv,0.8462983280786998,-0.08953585891065102,False
IROS/deploy_legacyB,deploy_test_single8_bpm120_modelB_1772352528.csv,0.8521505700332904,-0.01668983847800017,False
IROS/deploy_legacyB,deploy_test_single8_bpm120_modelB_1772352598.csv,0.8609554077467819,0.003218549444443886,False
IROS/deploy_legacyB,deploy_gmd_02_mid_bpm105_modelB_1772353067.csv,0.8849723764881254,0.005223792078322806,False
IROS/deploy_legacyB,deploy_test_single8_bpm160_modelB_1772352564.csv,0.892542643030891,-0.013642395233375649,False
IROS/deploy_legacyB,deploy_test_single4_bpm60_modelB_1772352444.csv,0.8520264645388067,0.4206790970720675,False
IROS/deploy_legacyB,deploy_test_single8_bpm160_modelB_1772352547.csv,0.8947329807252105,-0.01363014705071971,False
IROS/deploy_legacyB,deploy_test_double_bpm160_modelB_1772352940.csv,0.8611245361015998,-0.32268335189975716,False
IROS/deploy_legacyB,deploy_test_double_bpm60_modelB_1772352644.csv,0.8545565505826794,0.27447470256812834,False
IROS/deploy_legacyB,deploy_test_single8_bpm120_modelB_1772352618.csv,0.8323488107788725,-0.020004577058708353,False
IROS/deploy_legacyB,deploy_test_double_bpm60_modelB_1772352698.csv,0.7216511867029884,0.1588701691004352,False
IROS/deploy_legacyB,deploy_gmd_04_extreme_bpm170_modelB_1772353153.csv,0.8425941707009453,-0.09512787586287398,False
IROS/deploy_legacyB,deploy_test_double_bpm160_modelB_1772352925.csv,0.7859751242399851,-0.3562059693759983,False
IROS/deploy_legacyB,deploy_test_single4_bpm60_modelB_1772352501.csv,0.9127050668948419,0.4676358036951426,False
IROS/deploy_legacyB,deploy_test_single8_bpm160_modelB_1772352580.csv,0.6865137815498935,-0.19892037799769305,False
IROS/deploy_legacyB,deploy_gmd_01_low_bpm80_modelB_1772353021.csv,0.9041908466636407,0.36559417990010196,False
IROS/deploy_legacyB,deploy_test_double_bpm160_modelB_1772352955.csv,0.8554501413516563,-0.311014001362483,False
IROS/deploy_legacyB,deploy_test_single4_bpm60_modelB_1772352473.csv,0.914245108917781,0.4671312139224514,False
IROS/deploy_legacyB,deploy_test_double_bpm120_modelB_1772352858.csv,0.7965832495565722,-0.23001741349849378,False
IROS/deploy_legacyB,deploy_test_double_bpm60_modelB_1772352672.csv,0.719258558748728,0.14896388900118804,False
IROS/deploy_legacyB,deploy_test_double_bpm120_modelB_1772352902.csv,0.7242695860765285,-0.29050011709998835,False
IROS/deploy_legacyB,deploy_test_double_bpm120_modelB_1772352877.csv,0.8126372213771035,-0.20524828317341665,False
IROS/measured,data_exp3_frequency_sweep_1771480143.csv,0.1410722574706904,-0.16818871376962052,False
IROS/measured,data_exp2_step_response_1771480077.csv,0.8420607876399857,-0.8511956217705893,False
IROS/measured,data_exp7_stiffness_sweep_1771480458.csv,0.8095083230366839,-0.3841895193716677,False
IROS/measured,data_exp8_speed_sweep_1771480501.csv,-0.30059045772360954,0.3083339861106348,True
IROS/measured,data_exp1_async_1770964289.csv,,,False
IROS/measured,data_exp6_duration_sweep_1771480427.csv,0.003951981499416872,0.05738210185747969,True
IROS/measured,data_exp5_amplitude_sweep_1771480392.csv,0.3378824808449223,-0.10981861562341212,False
IROS/measured,data_exp1_static_hysteresis_1771480039.csv,0.9932657538310782,0.0502542991556701,False
IROS/measured,data_exp4_drumming_task_1771480356.csv,0.6927699707861097,-0.6373066755151394,False
IROS/deploy_legacyD,deploy_gmd_04_extreme_bpm170_modelD_1772422515.csv,0.7949613335833575,0.5839883758059399,False
IROS/deploy_legacyD,deploy_test_double_bpm60_modelD_1772422202.csv,0.822316557465442,0.6338383917126394,False
IROS/deploy_legacyD,deploy_test_single8_bpm120_modelD_1772422095.csv,0.9075443164429415,0.8442920728230243,False
IROS/deploy_legacyD,deploy_test_double_bpm160_modelD_1772422319.csv,0.783226801066597,0.5304601271246187,False
IROS/deploy_legacyD,deploy_test_single4_bpm60_modelD_1772421993.csv,0.9097639642633345,0.8896377850299281,False
IROS/deploy_legacyD,deploy_test_single4_bpm60_modelD_1772421966.csv,0.8965062236502309,0.8917866175481385,False
IROS/deploy_legacyD,deploy_test_single8_bpm120_modelD_1772422056.csv,0.7677336643911074,0.7881808324842192,True
IROS/deploy_legacyD,deploy_test_single4_bpm60_modelD_1772422021.csv,0.8501373958465674,0.8784522205129404,True
IROS/deploy_legacyD,deploy_gmd_03_high_bpm138_modelD_1772422483.csv,0.7942275371578866,0.6580954920737015,False
IROS/deploy_legacyD,deploy_test_single8_bpm160_modelD_1772422131.csv,0.8516152042815939,0.6761177930843125,False
IROS/deploy_legacyD,deploy_test_single8_bpm160_modelD_1772422145.csv,0.8829250699651287,0.6979262585176877,False
IROS/deploy_legacyD,deploy_test_double_bpm60_modelD_1772422175.csv,0.8224478758972992,0.6423910509938598,False
IROS/deploy_legacyD,deploy_gmd_02_mid_bpm105_modelD_1772422444.csv,0.9079423494911761,0.8569381098018045,False
IROS/deploy_legacyD,deploy_test_double_bpm120_modelD_1772422270.csv,0.6640687154091649,0.5900571787427534,False
IROS/deploy_legacyD,deploy_test_double_bpm120_modelD_1772422288.csv,0.6613871441930081,0.5939111349384039,False
IROS/deploy_legacyD,deploy_test_single8_bpm160_modelD_1772422112.csv,0.8243014884462984,0.6577129369665653,False
IROS/deploy_legacyD,deploy_test_double_bpm160_modelD_1772422305.csv,0.7138510165804203,0.39458858111838596,False
IROS/deploy_legacyD,deploy_test_double_bpm120_modelD_1772422251.csv,0.714340767837246,0.6246039626447225,False
IROS/deploy_legacyD,deploy_test_single8_bpm120_modelD_1772422077.csv,0.9053377206931317,0.831189069933334,False
IROS/deploy_legacyD,deploy_gmd_01_low_bpm80_modelD_1772422397.csv,0.9269365684815707,0.9049397591354024,False
IROS/deploy_legacyD,deploy_test_double_bpm60_modelD_1772422230.csv,0.815364169661872,0.6360232476822449,False
IROS/deploy_legacyD,deploy_test_double_bpm160_modelD_1772422335.csv,0.7806888384831033,0.5485231442934004,False
IROS/deploy_noDRfolder,deploy_gmd_04_extreme_bpm170_modelB_noDR_999_02-28_1771224712.csv,0.7325726570684339,-0.39690669306639875,False
IROS/deploy_noDRfolder,deploy_test_double_bpm120_modelB_DR_999_02-28_1771224952.csv,0.7758097909388268,-0.6652201324524976,False
IROS/deploy_noDRfolder,deploy_test_single4_bpm60_modelB_DR_999_02-28_1771224816.csv,0.8728167500994725,-0.8474265372124424,False
IROS/deploy_noDRfolder,deploy_gmd_02_mid_bpm105_modelB_noDR_999_02-28_1771224592.csv,0.6191123430185282,-0.32133062984497185,False
IROS/deploy_noDRfolder,deploy_gmd_03_high_bpm138_modelB_noDR_999_02-28_1771224637.csv,0.7318865929384706,-0.4128407957682549,False
IROS/deploy_noDRfolder,deploy_test_single8_bpm160_modelB_DR_999_02-28_1771224863.csv,0.7147245459985151,-0.8333690831822154,False
IROS/deploy_noDRfolder,deploy_test_double_bpm60_modelB_DR_999_02-28_1771224896.csv,0.8365963740724759,-0.8124310590980024,False
IROS/deploy_noDRfolder,deploy_test_double_bpm160_modelB_DR_999_02-28_1771224978.csv,0.7432024912741363,-0.8738236347427015,False
IROS/deploy_noDRfolder,deploy_test_single8_bpm120_modelB_DR_999_02-28_1771224843.csv,0.7881909752256796,-0.8409398938654304,False
test_signals,data_exc_volume_coupling_1790662952_fixed_swap.csv,-0.08234627061360052,-0.1047300061479848,False
test_signals,data_cross_check_1790663587.csv,-0.16259693371709694,0.9436370080817871,True
test_signals,data_exc_volume_coupling_1790662952.csv,-0.1047300061479848,-0.08234627061360052,True
test_signals,data_exc_volume_coupling_1790662952_fixed.csv,-0.1047300061479848,-0.08234627061360052,True
